case,date,location,latitude,longitude,tithi,nakshatra,nakshatraPada,yoga,karana,paksha,masa,ritu,ayana,weekday,sunriseIST,sunsetIST,moonriseIST,moonsetIST,rahuKalamStart,rahuKalamEnd,yamagandaStart,yamagandaEnd,gulikaStart,gulikaEnd,abhijitStart,abhijitEnd,brahmaMuhurtaStart,brahmaMuhurtaEnd
1,2026-01-01,Jaipur,26.9124,75.7873,Trayodashi,Rohini,2,Shubha,Kaulava,Shukla,Pausha,Shishir,Uttarayana,,"1/1/2026, 07:15:58","1/1/2026, 17:44:45","1/1/2026, 15:25:45","1/1/2026, 04:55:38",2026-01-01T08:18:57.617Z,2026-01-01T09:37:33.506Z,2026-01-01T01:45:58.172Z,2026-01-01T03:04:34.061Z,2026-01-01T04:23:09.950Z,2026-01-01T05:41:45.839Z,,,2025-12-31T23:57:43.119Z,2026-01-01T00:51:50.646Z
2,2026-01-03,Jaipur,26.9124,75.7873,Purnima,Ardra,3,Brahma,Bava,Shukla,Pausha,Shishir,Uttarayana,,"3/1/2026, 07:16:28","3/1/2026, 17:46:07","3/1/2026, 17:40:02","3/1/2026, 07:12:14",2026-01-03T04:23:53.089Z,2026-01-03T05:42:35.497Z,2026-01-03T08:20:00.313Z,2026-01-03T09:38:42.721Z,2026-01-03T01:46:28.273Z,2026-01-03T03:05:10.681Z,,,2026-01-02T23:58:19.978Z,2026-01-03T00:52:24.126Z
3,2026-01-18,Jaipur,26.9124,75.7873,Amavasya,Purva Ashadha,4,Harshana,Chatushpada,Krishna,Magha,Shishir,Uttarayana,,"18/1/2026, 07:17:04","18/1/2026, 17:57:29","18/1/2026, 07:00:35","18/1/2026, 17:29:28",2026-01-18T11:07:26.779Z,2026-01-18T12:27:29.962Z,2026-01-18T07:07:17.230Z,2026-01-18T08:27:20.413Z,2026-01-18T09:47:23.596Z,2026-01-18T11:07:26.779Z,,,2026-01-18T00:00:21.544Z,2026-01-18T00:53:43.021Z
4,2026-01-19,Jaipur,26.9124,75.7873,Prathama,Uttara Ashadha,4,Vajra,Kimstughna,Shukla,Magha,Shishir,Uttarayana,,"19/1/2026, 07:16:54","19/1/2026, 17:58:17","19/1/2026, 07:42:57","19/1/2026, 18:28:58",2026-01-19T03:07:05.085Z,2026-01-19T04:27:15.456Z,2026-01-19T05:47:25.827Z,2026-01-19T07:07:36.198Z,2026-01-19T08:27:46.569Z,2026-01-19T09:47:56.940Z,,,2026-01-19T00:00:19.414Z,2026-01-19T00:53:37.064Z
5,2026-01-29,Jaipur,26.9124,75.7873,Ekadashi,Rohini,4,Indra,Vishti,Shukla,Magha,Shishir,Uttarayana,,"29/1/2026, 07:13:53","29/1/2026, 18:06:12","29/1/2026, 14:12:01","29/1/2026, 03:48:47",2026-01-29T08:31:35.102Z,2026-01-29T09:53:07.449Z,2026-01-29T01:43:53.367Z,2026-01-29T03:05:25.714Z,2026-01-29T04:26:58.061Z,2026-01-29T05:48:30.408Z,,,2026-01-28T23:58:45.635Z,2026-01-29T00:51:19.501Z
6,2026-02-01,Jaipur,26.9124,75.7873,Purnima,Pushya,2,Priti,Vishti,Shukla,Magha,Shishir,Uttarayana,,"1/2/2026, 07:12:30","1/2/2026, 18:08:31","1/2/2026, 17:36:37","1/2/2026, 06:45:38",2026-02-01T11:16:30.932Z,2026-02-01T12:38:31.003Z,2026-02-01T07:10:30.719Z,2026-02-01T08:32:30.790Z,2026-02-01T09:54:30.861Z,2026-02-01T11:16:30.932Z,,,2026-01-31T23:57:52.375Z,2026-02-01T00:50:11.405Z
7,2026-02-15,Jaipur,26.9124,75.7873,Trayodashi,Uttara Ashadha,2,Vyatipata,Vanija,Krishna,Phalguna,Shishir,Uttarayana,,"15/2/2026, 07:03:31","15/2/2026, 18:18:41","15/2/2026, 05:38:37","15/2/2026, 16:16:57",2026-02-15T11:24:17.312Z,2026-02-15T12:48:40.996Z,2026-02-15T07:11:06.260Z,2026-02-15T08:35:29.944Z,2026-02-15T09:59:53.628Z,2026-02-15T11:24:17.312Z,,,2026-02-14T23:51:27.296Z,2026-02-15T00:42:29.410Z
8,2026-02-17,Jaipur,26.9124,75.7873,Amavasya,Dhanishta,2,Parigha,Naga,Krishna,Phalguna,Shishir,Uttarayana,,"17/2/2026, 07:01:56","17/2/2026, 18:20:02","17/2/2026, 06:54:31","17/2/2026, 18:16:52",2026-02-17T10:00:30.746Z,2026-02-17T11:25:16.447Z,2026-02-17T04:21:27.942Z,2026-02-17T05:46:13.643Z,2026-02-17T07:10:59.344Z,2026-02-17T08:35:45.045Z,,,2026-02-16T23:50:15.906Z,2026-02-17T00:41:06.223Z
9,2026-02-28,Jaipur,26.9124,75.7873,Dwadashi,Punarvasu,4,Saubhagya,Bava,Shukla,Phalguna,Vasant,Uttarayana,,"28/2/2026, 06:52:09","28/2/2026, 18:26:58","28/2/2026, 15:20:13","28/2/2026, 04:38:24",2026-02-28T04:15:51.375Z,2026-02-28T05:42:42.531Z,2026-02-28T08:36:24.843Z,2026-02-28T10:03:15.999Z,2026-02-28T01:22:09.063Z,2026-02-28T02:49:00.219Z,,,2026-02-27T23:42:42.862Z,2026-02-28T00:32:25.963Z
10,2026-03-03,Jaipur,26.9124,75.7873,Purnima,Magha,4,Sukarman,Bava,Shukla,Phalguna,Vasant,Uttarayana,,"3/3/2026, 06:49:12","3/3/2026, 18:28:43","3/3/2026, 18:29:00","3/3/2026, 06:36:47",2026-03-03T10:03:50.702Z,2026-03-03T11:31:17.029Z,2026-03-03T04:14:05.394Z,2026-03-03T05:41:31.721Z,2026-03-03T07:08:58.048Z,2026-03-03T08:36:24.375Z,,,2026-03-02T23:40:24.203Z,2026-03-03T00:29:48.472Z
11,2026-03-15,Jaipur,26.9124,75.7873,Ekadashi,Shravana,1,Parigha,Balava,Krishna,Chaitra,Vasant,Uttarayana,,"15/3/2026, 06:36:41","15/3/2026, 18:35:16","15/3/2026, 04:13:06","15/3/2026, 15:01:53",2026-03-15T11:35:27.025Z,2026-03-15T13:05:16.373Z,2026-03-15T07:05:58.981Z,2026-03-15T08:35:48.329Z,2026-03-15T10:05:37.677Z,2026-03-15T11:35:27.025Z,,,2026-03-14T23:30:26.036Z,2026-03-15T00:18:33.813Z
12,2026-03-19,Jaipur,26.9124,75.7873,Amavasya,Uttara Bhadrapada,1,Shukla,Naga,Krishna,Chaitra,Vasant,Uttarayana,,"19/3/2026, 06:32:20","19/3/2026, 18:37:20","19/3/2026, 06:30:08","19/3/2026, 19:03:12",2026-03-19T08:35:27.978Z,2026-03-19T10:06:05.412Z,2026-03-19T01:02:20.808Z,2026-03-19T02:32:58.242Z,2026-03-19T04:03:35.676Z,2026-03-19T05:34:13.110Z,,,2026-03-18T23:26:56.643Z,2026-03-19T00:14:38.726Z
13,2026-03-20,Jaipur,26.9124,75.7873,Dwitiya,Revati,1,Brahma,Balava,Shukla,Chaitra,Vasant,Uttarayana,,"20/3/2026, 06:31:15","20/3/2026, 18:37:50","20/3/2026, 07:03:29","20/3/2026, 20:06:38",2026-03-20T05:33:43.548Z,2026-03-20T07:04:33.008Z,2026-03-20T10:06:11.928Z,2026-03-20T11:37:01.388Z,2026-03-20T02:32:04.628Z,2026-03-20T04:02:54.088Z,,,2026-03-19T23:26:03.851Z,2026-03-20T00:13:39.510Z
14,2026-04-02,Jaipur,26.9124,75.7873,Purnima,Hasta,3,Dhruva,Bava,Shukla,Chaitra,Vasant,Uttarayana,,"2/4/2026, 06:16:59","2/4/2026, 18:44:18","2/4/2026, 19:07:20","2/4/2026, 06:08:05",2026-04-02T08:34:04.182Z,2026-04-02T10:07:29.108Z,2026-04-02T00:46:59.552Z,2026-04-02T02:20:24.478Z,2026-04-02T03:53:49.404Z,2026-04-02T05:27:14.330Z,,,2026-04-01T23:14:34.196Z,2026-04-02T00:00:46.874Z
15,2026-04-14,Jaipur,26.9124,75.7873,Dwadashi,Shatabhisha,3,Shukla,Kaulava,Krishna,Vaishakha,Vasant,Uttarayana,,"14/4/2026, 06:04:22","14/4/2026, 18:50:19","14/4/2026, 03:53:42","14/4/2026, 15:44:11",2026-04-14T10:08:50.508Z,2026-04-14T11:44:35.196Z,2026-04-14T03:45:51.756Z,2026-04-14T05:21:36.444Z,2026-04-14T06:57:21.132Z,2026-04-14T08:33:05.820Z,,,2026-04-13T23:04:25.953Z,2026-04-13T23:49:24.167Z
16,2026-04-30,Jaipur,26.9124,75.7873,Chaturdashi,Chitra,1,Vajra,Gara,Shukla,Vaishakha,Grishma,Uttarayana,,"30/4/2026, 05:49:41","30/4/2026, 18:58:49","30/4/2026, 17:55:24","30/4/2026, 04:40:01",2026-04-30T08:32:54.358Z,2026-04-30T10:11:32.870Z,2026-04-30T00:19:41.798Z,2026-04-30T01:58:20.310Z,2026-04-30T03:36:58.822Z,2026-04-30T05:15:37.334Z,,,2026-04-29T22:52:50.500Z,2026-04-29T23:36:16.149Z
17,2026-05-01,Jaipur,26.9124,75.7873,Purnima,Swati,1,Siddhi,Vishti,Shukla,Vaishakha,Grishma,Uttarayana,,"1/5/2026, 05:48:53","1/5/2026, 18:59:22","1/5/2026, 18:50:58","1/5/2026, 05:11:27",2026-05-01T05:15:19.542Z,2026-05-01T06:54:08.205Z,2026-05-01T10:11:45.531Z,2026-05-01T11:50:34.194Z,2026-05-01T01:57:42.216Z,2026-05-01T03:36:30.879Z,,,2026-04-30T22:52:13.066Z,2026-04-30T23:35:33.310Z
18,2026-05-15,Jaipur,26.9124,75.7873,Trayodashi,Ashwini,2,Ayushman,Vanija,Krishna,Jyeshtha,Grishma,Uttarayana,,"15/5/2026, 05:39:27","15/5/2026, 19:07:13","15/5/2026, 04:03:49","15/5/2026, 17:38:33",2026-05-15T05:12:22.004Z,2026-05-15T06:53:20.293Z,2026-05-15T10:15:16.871Z,2026-05-15T11:56:15.160Z,2026-05-15T01:50:25.426Z,2026-05-15T03:31:23.715Z,,,2026-05-14T22:45:04.806Z,2026-05-14T23:27:15.972Z
19,2026-05-31,Jaipur,26.9124,75.7873,Purnima,Anuradha,3,Siddha,Bava,Shukla,Jyeshtha,Grishma,Uttarayana,,"31/5/2026, 05:33:25","31/5/2026, 19:15:47","31/5/2026, 19:33:03","31/5/2026, 05:04:35",2026-05-31T12:02:59.542Z,2026-05-31T13:45:47.264Z,2026-05-31T06:54:36.376Z,2026-05-31T08:37:24.098Z,2026-05-31T10:20:11.820Z,2026-05-31T12:02:59.542Z,,,2026-05-30T22:41:00.449Z,2026-05-30T23:22:12.969Z
20,2026-06-15,Jaipur,26.9124,75.7873,Amavasya,Mrigashira,2,Shula,Naga,Krishna,Jyeshtha,Grishma,Uttarayana,,"15/6/2026, 05:32:42","15/6/2026, 19:21:58","15/6/2026, 05:16:25","15/6/2026, 19:58:51",2026-06-15T01:46:22.029Z,2026-06-15T03:30:01.461Z,2026-06-15T05:13:40.893Z,2026-06-15T06:57:20.325Z,2026-06-15T08:40:59.757Z,2026-06-15T10:24:39.189Z,,,2026-06-14T22:41:14.069Z,2026-06-14T23:21:58.333Z
21,2026-06-29,Jaipur,26.9124,75.7873,Purnima,Mula,1,Shukla,Vishti,Shukla,Jyeshtha,Varsha,Dakshinayana,,"29/6/2026, 05:35:52","29/6/2026, 19:24:40","29/6/2026, 19:12:57","29/6/2026, 04:37:07",2026-06-29T01:49:28.323Z,2026-06-29T03:33:04.290Z,2026-06-29T05:16:40.257Z,2026-06-29T07:00:16.224Z,2026-06-29T08:43:52.191Z,2026-06-29T10:27:28.158Z,,,2026-06-28T22:44:22.177Z,2026-06-28T23:25:07.267Z
22,2026-07-02,Jaipur,26.9124,75.7873,Dwitiya,Uttara Ashadha,4,Vaidhriti,Gara,Krishna,Ashadha,Varsha,Dakshinayana,,"2/7/2026, 05:36:55","2/7/2026, 19:24:44","2/7/2026, 21:18:33","2/7/2026, 07:23:18",2026-07-02T08:44:18.949Z,2026-07-02T10:27:47.605Z,2026-07-02T00:06:55.669Z,2026-07-02T01:50:24.325Z,2026-07-02T03:33:52.981Z,2026-07-02T05:17:21.637Z,,,2026-07-01T22:45:18.189Z,2026-07-01T23:26:06.929Z
23,2026-07-14,Jaipur,26.9124,75.7873,Amavasya,Punarvasu,1,Vyaghata,Naga,Krishna,Ashadha,Varsha,Dakshinayana,,"14/7/2026, 05:42:06","14/7/2026, 19:23:08","14/7/2026, 05:12:47","14/7/2026, 19:37:38",2026-07-14T10:27:53.175Z,2026-07-14T12:10:30.943Z,2026-07-14T03:37:22.103Z,2026-07-14T05:19:59.871Z,2026-07-14T07:02:37.639Z,2026-07-14T08:45:15.407Z,,,2026-07-13T22:49:36.886Z,2026-07-13T23:30:51.727Z
24,2026-07-29,Jaipur,26.9124,75.7873,Purnima,Uttara Ashadha,3,Priti,Vishti,Shukla,Ashadha,Varsha,Dakshinayana,,"29/7/2026, 05:49:43","29/7/2026, 19:16:41","29/7/2026, 19:19:08","29/7/2026, 05:16:50",2026-07-29T07:03:12.511Z,2026-07-29T08:44:04.751Z,2026-07-29T02:00:35.791Z,2026-07-29T03:41:28.031Z,2026-07-29T05:22:20.271Z,2026-07-29T07:03:12.511Z,,,2026-07-28T22:55:23.911Z,2026-07-28T23:37:33.731Z
25,2026-08-15,Jaipur,26.9124,75.7873,Tritiya,Uttara Phalguni,1,Shiva,Taitila,Shukla,Shravana,Varsha,Dakshinayana,,"15/8/2026, 05:58:23","15/8/2026, 19:04:01","15/8/2026, 08:25:14","15/8/2026, 20:42:02",2026-08-15T03:44:48.097Z,2026-08-15T05:23:00.355Z,2026-08-15T08:39:24.871Z,2026-08-15T10:17:37.129Z,2026-08-15T00:28:23.581Z,2026-08-15T02:06:35.839Z,,,2026-08-14T23:01:15.679Z,2026-08-14T23:44:49.630Z
26,2026-08-30,Jaipur,26.9124,75.7873,Dwitiya,Uttara Bhadrapada,1,Shula,Gara,Krishna,Bhadrapada,Sharad,Dakshinayana,,"30/8/2026, 06:05:23","30/8/2026, 18:49:18","30/8/2026, 20:00:14","30/8/2026, 07:53:05",2026-08-30T11:43:49.136Z,2026-08-30T13:19:18.497Z,2026-08-30T06:57:21.053Z,2026-08-30T08:32:50.414Z,2026-08-30T10:08:19.775Z,2026-08-30T11:43:49.136Z,,,2026-08-29T23:05:23.385Z,2026-08-29T23:50:23.497Z
27,2026-09-01,Jaipur,26.9124,75.7873,Chaturthi,Ashwini,1,Vriddhi,Balava,Krishna,Bhadrapada,Sharad,Dakshinayana,,"1/9/2026, 06:06:16","1/9/2026, 18:47:10","1/9/2026, 21:09:20","1/9/2026, 09:52:51",2026-09-01T10:06:56.799Z,2026-09-01T11:42:03.484Z,2026-09-01T03:46:30.059Z,2026-09-01T05:21:36.744Z,2026-09-01T06:56:43.429Z,2026-09-01T08:31:50.114Z,,,2026-08-31T23:05:52.408Z,2026-08-31T23:51:04.549Z
28,2026-10-20,Jaipur,26.9124,75.7873,Navami,Shravana,3,Shula,Kaulava,Shukla,Ashwina,Sharad,Dakshinayana,,"20/10/2026, 06:29:09","20/10/2026, 17:53:51","20/10/2026, 14:22:11","20/10/2026, 00:37:50",2026-10-20T09:32:41.008Z,2026-10-20T10:58:16.270Z,2026-10-20T03:50:19.960Z,2026-10-20T05:15:55.222Z,2026-10-20T06:41:30.484Z,2026-10-20T08:07:05.746Z,,,2026-10-19T23:18:34.464Z,2026-10-20T00:08:51.950Z
29,2026-11-08,Jaipur,26.9124,75.7873,Chaturdashi,Swati,1,Ayushman,Shakuni,Krishna,Kartika,Hemant,Dakshinayana,,"8/11/2026, 06:41:22","8/11/2026, 17:39:29","8/11/2026, 05:40:11","8/11/2026, 16:47:55",2026-11-08T10:47:13.300Z,2026-11-08T12:09:29.189Z,2026-11-08T06:40:25.633Z,2026-11-08T08:02:41.522Z,2026-11-08T09:24:57.411Z,2026-11-08T10:47:13.300Z,,,2026-11-07T23:27:11.646Z,2026-11-08T00:19:16.862Z
30,2026-01-01,Delhi,28.6139,77.209,Trayodashi,Rohini,2,Shubha,Kaulava,Shukla,Pausha,Shishir,Uttarayana,,"1/1/2026, 07:13:56","1/1/2026, 17:35:25","1/1/2026, 15:14:55","1/1/2026, 04:54:23",2026-01-01T08:12:21.716Z,2026-01-01T09:30:02.851Z,2026-01-01T01:43:56.041Z,2026-01-01T03:01:37.176Z,2026-01-01T04:19:18.311Z,2026-01-01T05:36:59.446Z,,,2025-12-31T23:54:42.461Z,2026-01-01T00:49:19.251Z
31,2026-01-03,Delhi,28.6139,77.209,Purnima,Ardra,3,Brahma,Bava,Shukla,Pausha,Shishir,Uttarayana,,"3/1/2026, 07:14:24","3/1/2026, 17:36:49","3/1/2026, 17:29:13","3/1/2026, 07:11:18",2026-01-03T04:20:00.454Z,2026-01-03T05:37:48.623Z,2026-01-03T08:13:24.961Z,2026-01-03T09:31:13.130Z,2026-01-03T01:44:24.116Z,2026-01-03T03:02:12.285Z,,,2026-01-02T23:55:17.821Z,2026-01-03T00:49:50.969Z
32,2026-01-18,Delhi,28.6139,77.209,Amavasya,Purva Ashadha,4,Harshana,Chatushpada,Krishna,Magha,Shishir,Uttarayana,,"18/1/2026, 07:14:35","18/1/2026, 17:48:37","18/1/2026, 06:59:11","18/1/2026, 17:19:17",2026-01-18T10:59:22.277Z,2026-01-18T12:18:37.579Z,2026-01-18T07:01:36.371Z,2026-01-18T08:20:51.673Z,2026-01-18T09:40:06.975Z,2026-01-18T10:59:22.277Z,,,2026-01-17T23:57:00.841Z,2026-01-18T00:50:48.002Z
33,2026-01-19,Delhi,28.6139,77.209,Prathama,Uttara Ashadha,4,Vajra,Kimstughna,Shukla,Magha,Shishir,Uttarayana,,"19/1/2026, 07:14:23","19/1/2026, 17:49:27","19/1/2026, 07:40:54","19/1/2026, 18:19:33",2026-01-19T03:03:46.197Z,2026-01-19T04:23:09.250Z,2026-01-19T05:42:32.303Z,2026-01-19T07:01:55.356Z,2026-01-19T08:21:18.409Z,2026-01-19T09:40:41.462Z,,,2026-01-18T23:56:57.070Z,2026-01-19T00:50:40.107Z
34,2026-01-29,Delhi,28.6139,77.209,Ekadashi,Rohini,4,Indra,Vishti,Shukla,Magha,Shishir,Uttarayana,,"29/1/2026, 07:10:56","29/1/2026, 17:57:47","29/1/2026, 14:00:57","29/1/2026, 03:47:51",2026-01-29T08:25:13.483Z,2026-01-29T09:46:04.899Z,2026-01-29T01:40:56.403Z,2026-01-29T03:01:47.819Z,2026-01-29T04:22:39.235Z,2026-01-29T05:43:30.651Z,,,2026-01-28T23:55:04.638Z,2026-01-29T00:48:00.521Z
35,2026-02-01,Delhi,28.6139,77.209,Purnima,Pushya,2,Priti,Vishti,Shukla,Magha,Shishir,Uttarayana,,"1/2/2026, 07:09:24","1/2/2026, 18:00:15","1/2/2026, 17:27:00","1/2/2026, 06:43:45",2026-02-01T11:08:53.930Z,2026-02-01T12:30:15.216Z,2026-02-01T07:04:50.072Z,2026-02-01T08:26:11.358Z,2026-02-01T09:47:32.644Z,2026-02-01T11:08:53.930Z,,,2026-01-31T23:54:05.109Z,2026-02-01T00:46:45.019Z
36,2026-02-15,Delhi,28.6139,77.209,Trayodashi,Uttara Ashadha,2,Vyatipata,Vanija,Krishna,Phalguna,Shishir,Uttarayana,,"15/2/2026, 06:59:42","15/2/2026, 18:11:09","15/2/2026, 05:36:52","15/2/2026, 16:07:11",2026-02-15T11:17:13.507Z,2026-02-15T12:41:09.421Z,2026-02-15T07:05:25.765Z,2026-02-15T08:29:21.679Z,2026-02-15T09:53:17.593Z,2026-02-15T11:17:13.507Z,,,2026-02-14T23:47:07.815Z,2026-02-15T00:38:24.962Z
37,2026-02-17,Delhi,28.6139,77.209,Amavasya,Dhanishta,2,Parigha,Naga,Krishna,Phalguna,Shishir,Uttarayana,,"17/2/2026, 06:58:00","17/2/2026, 18:12:37","17/2/2026, 06:51:06","17/2/2026, 18:08:57",2026-02-17T09:53:58.082Z,2026-02-17T11:18:17.689Z,2026-02-17T04:16:39.654Z,2026-02-17T05:40:59.261Z,2026-02-17T07:05:18.868Z,2026-02-17T08:29:38.475Z,,,2026-02-16T23:45:51.523Z,2026-02-17T00:36:55.982Z
38,2026-02-28,Delhi,28.6139,77.209,Dwadashi,Punarvasu,4,Saubhagya,Bava,Shukla,Phalguna,Vasant,Uttarayana,,"28/2/2026, 06:47:35","28/2/2026, 18:20:11","28/2/2026, 15:10:13","28/2/2026, 04:36:51",2026-02-28T04:10:44.187Z,2026-02-28T05:37:18.754Z,2026-02-28T08:30:27.888Z,2026-02-28T09:57:02.455Z,2026-02-28T01:17:35.053Z,2026-02-28T02:44:09.620Z,,,2026-02-27T23:37:50.686Z,2026-02-28T00:27:42.870Z
39,2026-03-03,Delhi,28.6139,77.209,Purnima,Magha,4,Sukarman,Bava,Shukla,Phalguna,Vasant,Uttarayana,,"3/3/2026, 06:44:28","3/3/2026, 18:22:07","3/3/2026, 18:22:05","3/3/2026, 06:32:26",2026-03-03T09:57:42.479Z,2026-03-03T11:24:54.867Z,2026-03-03T04:08:52.927Z,2026-03-03T05:36:05.315Z,2026-03-03T07:03:17.703Z,2026-03-03T08:30:30.091Z,,,2026-03-02T23:35:24.273Z,2026-03-03T00:24:56.212Z
40,2026-03-15,Delhi,28.6139,77.209,Ekadashi,Shravana,1,Parigha,Balava,Krishna,Chaitra,Vasant,Uttarayana,,"15/3/2026, 06:31:14","15/3/2026, 18:29:23","15/3/2026, 04:10:57","15/3/2026, 14:52:34",2026-03-15T11:29:37.183Z,2026-03-15T12:59:23.318Z,2026-03-15T07:00:18.778Z,2026-03-15T08:30:04.913Z,2026-03-15T09:59:51.048Z,2026-03-15T11:29:37.183Z,,,2026-03-14T23:24:54.778Z,2026-03-15T00:13:04.508Z
41,2026-03-19,Delhi,28.6139,77.209,Amavasya,Uttara Bhadrapada,1,Shukla,Naga,Krishna,Chaitra,Vasant,Uttarayana,,"19/3/2026, 06:26:38","19/3/2026, 18:31:41","19/3/2026, 06:24:08","19/3/2026, 18:58:00",2026-03-19T08:29:48.147Z,2026-03-19T10:00:25.981Z,2026-03-19T00:56:38.977Z,2026-03-19T02:27:16.811Z,2026-03-19T03:57:54.645Z,2026-03-19T05:28:32.479Z,,,2026-03-18T23:21:14.757Z,2026-03-19T00:08:56.867Z
42,2026-03-20,Delhi,28.6139,77.209,Dwitiya,Revati,1,Brahma,Balava,Shukla,Chaitra,Vasant,Uttarayana,,"20/3/2026, 06:25:29","20/3/2026, 18:32:15","20/3/2026, 06:56:25","20/3/2026, 20:02:33",2026-03-20T05:28:02.020Z,2026-03-20T06:58:52.779Z,2026-03-20T10:00:34.297Z,2026-03-20T11:31:25.056Z,2026-03-20T02:26:20.502Z,2026-03-20T03:57:11.261Z,,,2026-03-19T23:20:19.331Z,2026-03-20T00:07:54.537Z
43,2026-04-02,Delhi,28.6139,77.209,Purnima,Hasta,3,Dhruva,Bava,Shukla,Chaitra,Vasant,Uttarayana,,"2/4/2026, 06:10:27","2/4/2026, 18:39:30","2/4/2026, 19:03:01","2/4/2026, 06:01:13",2026-04-02T08:28:36.924Z,2026-04-02T10:02:14.778Z,2026-04-02T00:40:27.654Z,2026-04-02T02:14:05.508Z,2026-04-02T03:47:43.362Z,2026-04-02T05:21:21.216Z,,,2026-04-01T23:08:15.615Z,2026-04-01T23:54:21.635Z
44,2026-04-14,Delhi,28.6139,77.209,Dwadashi,Shatabhisha,3,Shukla,Kaulava,Krishna,Vaishakha,Vasant,Uttarayana,,"14/4/2026, 05:57:08","14/4/2026, 18:46:13","14/4/2026, 03:49:14","14/4/2026, 15:37:23",2026-04-14T10:03:57.141Z,2026-04-14T11:40:05.236Z,2026-04-14T03:39:24.761Z,2026-04-14T05:15:32.856Z,2026-04-14T06:51:40.951Z,2026-04-14T08:27:49.046Z,,,2026-04-13T22:57:36.653Z,2026-04-13T23:42:22.612Z
45,2026-04-30,Delhi,28.6139,77.209,Chaturdashi,Chitra,1,Vajra,Gara,Shukla,Vaishakha,Grishma,Uttarayana,,"30/4/2026, 05:41:35","30/4/2026, 18:55:35","30/4/2026, 17:51:41","30/4/2026, 04:32:32",2026-04-30T08:27:50.648Z,2026-04-30T10:07:05.699Z,2026-04-30T00:11:35.393Z,2026-04-30T01:50:50.444Z,2026-04-30T03:30:05.495Z,2026-04-30T05:09:20.546Z,,,2026-04-29T22:45:22.655Z,2026-04-29T23:28:29.024Z
46,2026-05-01,Delhi,28.6139,77.209,Purnima,Swati,1,Siddhi,Vishti,Shukla,Vaishakha,Grishma,Uttarayana,,"1/5/2026, 05:40:44","1/5/2026, 18:56:11","1/5/2026, 18:48:08","1/5/2026, 05:03:05",2026-05-01T05:09:01.972Z,2026-05-01T06:48:27.945Z,2026-05-01T10:07:19.891Z,2026-05-01T11:46:45.864Z,2026-05-01T01:50:10.026Z,2026-05-01T03:29:35.999Z,,,2026-04-30T22:44:42.953Z,2026-04-30T23:27:43.503Z
47,2026-05-15,Delhi,28.6139,77.209,Trayodashi,Ashwini,2,Ayushman,Vanija,Krishna,Jyeshtha,Grishma,Uttarayana,,"15/5/2026, 05:30:37","15/5/2026, 19:04:41","15/5/2026, 03:55:38","15/5/2026, 17:35:33",2026-05-15T05:05:54.360Z,2026-05-15T06:47:39.878Z,2026-05-15T10:11:10.914Z,2026-05-15T11:52:56.432Z,2026-05-15T01:42:23.324Z,2026-05-15T03:24:08.842Z,,,2026-05-14T22:37:05.511Z,2026-05-14T23:18:51.659Z
48,2026-05-31,Delhi,28.6139,77.209,Purnima,Anuradha,3,Shiva,Bava,Shukla,Jyeshtha,Grishma,Uttarayana,,"31/5/2026, 05:24:01","31/5/2026, 19:13:49","31/5/2026, 19:31:55","31/5/2026, 04:54:14",2026-05-31T12:00:05.982Z,2026-05-31T13:43:49.422Z,2026-05-31T06:48:55.662Z,2026-05-31T08:32:39.102Z,2026-05-31T10:16:22.542Z,2026-05-31T12:00:05.982Z,,,2026-05-30T22:32:36.076Z,2026-05-30T23:13:18.989Z
49,2026-06-15,Delhi,28.6139,77.209,Amavasya,Mrigashira,2,Shula,Naga,Krishna,Jyeshtha,Grishma,Uttarayana,,"15/6/2026, 05:23:02","15/6/2026, 19:20:16","15/6/2026, 05:05:24","15/6/2026, 19:57:57",2026-06-15T01:37:41.599Z,2026-06-15T03:22:20.810Z,2026-06-15T05:07:00.021Z,2026-06-15T06:51:39.232Z,2026-06-15T08:36:18.443Z,2026-06-15T10:20:57.654Z,,,2026-06-14T22:32:37.556Z,2026-06-14T23:12:49.972Z
50,2026-06-29,Delhi,28.6139,77.209,Purnima,Mula,1,Shukla,Vishti,Shukla,Jyeshtha,Varsha,Dakshinayana,,"29/6/2026, 05:26:12","29/6/2026, 19:22:56","29/6/2026, 19:11:56","29/6/2026, 04:26:18",2026-06-29T01:40:48.284Z,2026-06-29T03:25:23.778Z,2026-06-29T05:09:59.272Z,2026-06-29T06:54:34.766Z,2026-06-29T08:39:10.260Z,2026-06-29T10:23:45.754Z,,,2026-06-28T22:35:46.190Z,2026-06-28T23:15:59.490Z
51,2026-07-02,Delhi,28.6139,77.209,Dwitiya,Uttara Ashadha,4,Vaidhriti,Gara,Krishna,Ashadha,Varsha,Dakshinayana,,"2/7/2026, 05:27:18","2/7/2026, 19:22:59","2/7/2026, 21:15:52","2/7/2026, 07:13:45",2026-07-02T08:39:36.372Z,2026-07-02T10:24:03.985Z,2026-07-01T23:57:18.307Z,2026-07-02T01:41:45.920Z,2026-07-02T03:26:13.533Z,2026-07-02T05:10:41.146Z,,,2026-07-01T22:36:43.829Z,2026-07-01T23:17:01.068Z
52,2026-07-14,Delhi,28.6139,77.209,Amavasya,Punarvasu,1,Vyaghata,Naga,Krishna,Ashadha,Varsha,Dakshinayana,,"14/7/2026, 05:32:44","14/7/2026, 19:21:06","14/7/2026, 05:02:08","14/7/2026, 19:35:56",2026-07-14T10:24:01.379Z,2026-07-14T12:07:34.143Z,2026-07-14T03:29:50.323Z,2026-07-14T05:13:23.087Z,2026-07-14T06:56:55.851Z,2026-07-14T08:40:28.615Z,,,2026-07-13T22:41:14.007Z,2026-07-13T23:21:59.401Z
53,2026-07-29,Delhi,28.6139,77.209,Purnima,Uttara Ashadha,3,Priti,Vishti,Shukla,Ashadha,Varsha,Dakshinayana,,"29/7/2026, 05:40:54","29/7/2026, 19:14:06","29/7/2026, 19:16:43","29/7/2026, 05:07:02",2026-07-29T06:57:30.522Z,2026-07-29T08:39:09.612Z,2026-07-29T01:52:33.252Z,2026-07-29T03:34:12.342Z,2026-07-29T05:15:51.432Z,2026-07-29T06:57:30.522Z,,,2026-07-28T22:47:24.834Z,2026-07-28T23:29:09.498Z
54,2026-08-15,Delhi,28.6139,77.209,Tritiya,Uttara Phalguni,1,Shiva,Taitila,Shukla,Shravana,Varsha,Dakshinayana,,"15/8/2026, 05:50:22","15/8/2026, 19:00:38","15/8/2026, 08:19:10","15/8/2026, 20:35:51",2026-08-15T03:37:56.711Z,2026-08-15T05:16:43.622Z,2026-08-15T08:34:17.444Z,2026-08-15T10:13:04.355Z,2026-08-15T00:20:22.889Z,2026-08-15T01:59:09.800Z,,,2026-08-14T22:53:52.366Z,2026-08-14T23:37:07.628Z
55,2026-08-30,Delhi,28.6139,77.209,Dwitiya,Uttara Bhadrapada,1,Shula,Gara,Krishna,Bhadrapada,Sharad,Dakshinayana,,"30/8/2026, 05:58:12","30/8/2026, 18:45:05","30/8/2026, 19:53:31","30/8/2026, 07:47:35",2026-08-30T11:39:14.181Z,2026-08-30T13:15:05.917Z,2026-08-30T06:51:38.973Z,2026-08-30T08:27:30.709Z,2026-08-30T10:03:22.445Z,2026-08-30T11:39:14.181Z,,,2026-08-29T22:58:36.122Z,2026-08-29T23:43:24.076Z
56,2026-09-01,Delhi,28.6139,77.209,Chaturthi,Ashwini,1,Vriddhi,Balava,Krishna,Bhadrapada,Sharad,Dakshinayana,,"1/9/2026, 05:59:11","1/9/2026, 18:42:50","1/9/2026, 21:00:37","1/9/2026, 09:49:23",2026-09-01T10:01:56.066Z,2026-09-01T11:37:23.424Z,2026-09-01T03:40:06.634Z,2026-09-01T05:15:33.992Z,2026-09-01T06:51:01.350Z,2026-09-01T08:26:28.708Z,,,2026-08-31T22:59:10.142Z,2026-08-31T23:44:11.030Z
57,2026-10-20,Delhi,28.6139,77.209,Navami,Shravana,3,Shula,Kaulava,Shukla,Ashwina,Sharad,Dakshinayana,,"20/10/2026, 06:24:56","20/10/2026, 17:46:40","20/10/2026, 14:19:06","20/10/2026, 00:28:40",2026-10-20T09:26:14.668Z,2026-10-20T10:51:27.724Z,2026-10-20T03:45:22.444Z,2026-10-20T05:10:35.500Z,2026-10-20T06:35:48.556Z,2026-10-20T08:01:01.612Z,,,2026-10-19T23:13:58.126Z,2026-10-20T00:04:27.229Z
58,2026-11-08,Delhi,28.6139,77.209,Chaturdashi,Swati,1,Ayushman,Shakuni,Krishna,Kartika,Hemant,Dakshinayana,,"8/11/2026, 06:38:10","8/11/2026, 17:31:17","8/11/2026, 05:36:50","8/11/2026, 16:39:10",2026-11-08T10:39:39.077Z,2026-11-08T12:01:17.503Z,2026-11-08T06:34:43.799Z,2026-11-08T07:56:22.225Z,2026-11-08T09:18:00.651Z,2026-11-08T10:39:39.077Z,,,2026-11-07T23:23:20.099Z,2026-11-08T00:15:45.097Z
59,2026-01-01,Mumbai,19.076,72.8777,Trayodashi,Rohini,2,Shubha,Kaulava,Shukla,Pausha,Shishir,Uttarayana,,"1/1/2026, 07:11:45","1/1/2026, 18:12:13","1/1/2026, 15:58:14","1/1/2026, 04:48:20",2026-01-01T08:34:32.886Z,2026-01-01T09:57:06.326Z,2026-01-01T01:41:45.686Z,2026-01-01T03:04:19.126Z,2026-01-01T04:26:52.566Z,2026-01-01T05:49:26.006Z,,,2025-12-31T23:57:44.535Z,2026-01-01T00:49:45.111Z
60,2026-01-03,Mumbai,19.076,72.8777,Purnima,Ardra,3,Brahma,Bava,Shukla,Pausha,Shishir,Uttarayana,,"3/1/2026, 07:12:24","3/1/2026, 18:13:26","3/1/2026, 18:12:12","3/1/2026, 07:03:43",2026-01-03T04:27:39.886Z,2026-01-03T05:50:17.683Z,2026-01-03T08:35:33.277Z,2026-01-03T09:58:11.074Z,2026-01-03T01:42:24.292Z,2026-01-03T03:05:02.089Z,,,2026-01-02T23:58:27.688Z,2026-01-03T00:50:25.990Z
61,2026-01-18,Mumbai,19.076,72.8777,Amavasya,Purva Ashadha,4,Harshana,Chatushpada,Krishna,Magha,Shishir,Uttarayana,,"18/1/2026, 07:14:46","18/1/2026, 18:23:01","18/1/2026, 06:53:22","18/1/2026, 17:59:52",2026-01-18T11:29:29.351Z,2026-01-18T12:53:01.208Z,2026-01-18T07:18:53.780Z,2026-01-18T08:42:25.637Z,2026-01-18T10:05:57.494Z,2026-01-18T11:29:29.351Z,,,2026-01-18T00:01:47.220Z,2026-01-18T00:53:16.786Z
62,2026-01-19,Mumbai,19.076,72.8777,Prathama,Uttara Ashadha,4,Vajra,Kimstughna,Shukla,Magha,Shishir,Uttarayana,,"19/1/2026, 07:14:45","19/1/2026, 18:23:39","19/1/2026, 07:38:30","19/1/2026, 18:56:11",2026-01-19T03:08:22.660Z,2026-01-19T04:31:59.334Z,2026-01-19T05:55:36.008Z,2026-01-19T07:19:12.682Z,2026-01-19T08:42:49.356Z,2026-01-19T10:06:26.030Z,,,2026-01-19T00:01:52.016Z,2026-01-19T00:53:19.001Z
63,2026-01-29,Mumbai,19.076,72.8777,Ekadashi,Rohini,4,Indra,Vishti,Shukla,Magha,Shishir,Uttarayana,,"29/1/2026, 07:13:31","29/1/2026, 18:29:45","29/1/2026, 14:45:21","29/1/2026, 03:40:10",2026-01-29T08:46:10.374Z,2026-01-29T10:10:42.082Z,2026-01-29T01:43:31.834Z,2026-01-29T03:08:03.542Z,2026-01-29T04:32:35.250Z,2026-01-29T05:57:06.958Z,,,2026-01-29T00:01:36.991Z,2026-01-29T00:52:34.413Z
64,2026-02-01,Mumbai,19.076,72.8777,Purnima,Pushya,2,Priti,Vishti,Shukla,Magha,Shishir,Uttarayana,,"1/2/2026, 07:12:45","1/2/2026, 18:31:27","1/2/2026, 18:03:49","1/2/2026, 06:41:08",2026-02-01T11:36:37.540Z,2026-02-01T13:01:27.896Z,2026-02-01T07:22:06.472Z,2026-02-01T08:46:56.828Z,2026-02-01T10:11:47.184Z,2026-02-01T11:36:37.540Z,,,2026-02-01T00:01:10.269Z,2026-02-01T00:51:57.659Z
65,2026-02-15,Mumbai,19.076,72.8777,Trayodashi,Uttara Ashadha,3,Vyatipata,Vanija,Krishna,Phalguna,Shishir,Uttarayana,,"15/2/2026, 07:06:52","15/2/2026, 18:38:30","15/2/2026, 05:32:54","15/2/2026, 16:45:35",2026-02-15T11:42:03.099Z,2026-02-15T13:08:30.341Z,2026-02-15T07:22:41.373Z,2026-02-15T08:49:08.615Z,2026-02-15T10:15:35.857Z,2026-02-15T11:42:03.099Z,,,2026-02-14T23:57:01.861Z,2026-02-15T00:46:57.133Z
66,2026-02-17,Mumbai,19.076,72.8777,Amavasya,Dhanishta,2,Parigha,Naga,Krishna,Phalguna,Shishir,Uttarayana,,"17/2/2026, 07:05:45","17/2/2026, 18:39:22","17/2/2026, 06:55:54","17/2/2026, 18:37:43",2026-02-17T10:15:58.632Z,2026-02-17T11:42:40.759Z,2026-02-17T04:29:10.124Z,2026-02-17T05:55:52.251Z,2026-02-17T07:22:34.378Z,2026-02-17T08:49:16.505Z,,,2026-02-16T23:56:11.336Z,2026-02-17T00:45:58.603Z
67,2026-02-28,Mumbai,19.076,72.8777,Dwadashi,Punarvasu,4,Saubhagya,Bava,Shukla,Phalguna,Vasant,Uttarayana,,"28/2/2026, 06:58:39","28/2/2026, 18:43:36","28/2/2026, 15:49:02","28/2/2026, 04:32:30",2026-02-28T04:24:54.161Z,2026-02-28T05:53:01.263Z,2026-02-28T08:49:15.467Z,2026-02-28T10:17:22.569Z,2026-02-28T01:28:39.957Z,2026-02-28T02:56:47.059Z,,,2026-02-27T23:50:36.768Z,2026-02-28T00:39:38.363Z
68,2026-03-03,Mumbai,19.076,72.8777,Purnima,Magha,4,Sukarman,Bava,Shukla,Phalguna,Vasant,Uttarayana,,"3/3/2026, 06:56:28","3/3/2026, 18:44:36","3/3/2026, 18:45:01","3/3/2026, 06:42:45",2026-03-03T10:17:34.580Z,2026-03-03T11:46:05.548Z,2026-03-03T04:23:30.708Z,2026-03-03T05:52:01.676Z,2026-03-03T07:20:32.644Z,2026-03-03T08:49:03.612Z,,,2026-03-02T23:48:51.204Z,2026-03-03T00:37:39.988Z
69,2026-03-15,Mumbai,19.076,72.8777,Ekadashi,Shravana,1,Parigha,Balava,Krishna,Chaitra,Vasant,Uttarayana,,"15/3/2026, 06:47:00","15/3/2026, 18:48:06","15/3/2026, 04:09:06","15/3/2026, 15:28:35",2026-03-15T11:47:57.888Z,2026-03-15T13:18:06.060Z,2026-03-15T07:17:33.372Z,2026-03-15T08:47:41.544Z,2026-03-15T10:17:49.716Z,2026-03-15T11:47:57.888Z,,,2026-03-14T23:41:07.260Z,2026-03-15T00:29:03.972Z
70,2026-03-19,Mumbai,19.076,72.8777,Amavasya,Uttara Bhadrapada,1,Shukla,Naga,Krishna,Chaitra,Vasant,Uttarayana,,"19/3/2026, 06:43:41","19/3/2026, 18:49:08","19/3/2026, 06:42:31","19/3/2026, 19:12:30",2026-03-19T08:47:05.774Z,2026-03-19T10:17:46.677Z,2026-03-19T01:13:41.259Z,2026-03-19T02:44:22.162Z,2026-03-19T04:15:03.065Z,2026-03-19T05:45:43.968Z,,,2026-03-18T23:38:22.843Z,2026-03-19T00:26:02.051Z
71,2026-03-20,Mumbai,19.076,72.8777,Dwitiya,Revati,1,Brahma,Balava,Shukla,Chaitra,Vasant,Uttarayana,,"20/3/2026, 06:42:50","20/3/2026, 18:49:23","20/3/2026, 07:20:26","20/3/2026, 20:11:14",2026-03-20T05:45:18.228Z,2026-03-20T07:16:07.319Z,2026-03-20T10:17:45.501Z,2026-03-20T11:48:34.592Z,2026-03-20T02:43:40.046Z,2026-03-20T04:14:29.137Z,,,2026-03-19T23:37:41.293Z,2026-03-20T00:25:16.124Z
72,2026-04-02,Mumbai,19.076,72.8777,Purnima,Hasta,3,Dhruva,Bava,Shukla,Chaitra,Vasant,Uttarayana,,"2/4/2026, 06:31:53","2/4/2026, 18:52:33","2/4/2026, 19:12:17","2/4/2026, 06:24:54",2026-04-02T08:44:48.456Z,2026-04-02T10:17:23.470Z,2026-04-02T01:01:53.386Z,2026-04-02T02:34:28.400Z,2026-04-02T04:07:03.414Z,2026-04-02T05:39:38.428Z,,,2026-04-01T23:28:36.804Z,2026-04-02T00:15:15.095Z
73,2026-04-14,Mumbai,19.076,72.8777,Dwadashi,Shatabhisha,3,Shukla,Kaulava,Krishna,Vaishakha,Vasant,Uttarayana,,"14/4/2026, 06:22:14","14/4/2026, 18:55:36","14/4/2026, 03:59:34","14/4/2026, 16:00:20",2026-04-14T10:17:15.893Z,2026-04-14T11:51:26.178Z,2026-04-14T04:00:34.753Z,2026-04-14T05:34:45.038Z,2026-04-14T07:08:55.323Z,2026-04-14T08:43:05.608Z,,,2026-04-13T23:20:38.998Z,2026-04-14T00:06:26.591Z
74,2026-04-30,Mumbai,19.076,72.8777,Chaturdashi,Chitra,1,Vajra,Gara,Shukla,Vaishakha,Grishma,Uttarayana,,"30/4/2026, 06:11:15","30/4/2026, 19:00:25","30/4/2026, 17:57:47","30/4/2026, 04:59:25",2026-04-30T08:41:59.000Z,2026-04-30T10:18:07.682Z,2026-04-30T00:41:15.590Z,2026-04-30T02:17:24.272Z,2026-04-30T03:53:32.954Z,2026-04-30T05:29:41.636Z,,,2026-04-29T23:11:46.216Z,2026-04-29T23:56:30.903Z
75,2026-05-01,Mumbai,19.076,72.8777,Purnima,Swati,1,Siddhi,Vishti,Shukla,Vaishakha,Grishma,Uttarayana,,"1/5/2026, 06:10:40","1/5/2026, 19:00:45","1/5/2026, 18:49:38","1/5/2026, 05:34:39",2026-05-01T05:29:27.117Z,2026-05-01T07:05:42.707Z,2026-05-01T10:18:13.887Z,2026-05-01T11:54:29.477Z,2026-05-01T02:16:55.937Z,2026-05-01T03:53:11.527Z,,,2026-04-30T23:11:18.308Z,2026-04-30T23:55:59.328Z
76,2026-05-15,Mumbai,19.076,72.8777,Trayodashi,Ashwini,2,Ayushman,Vanija,Krishna,Jyeshtha,Grishma,Uttarayana,,"15/5/2026, 06:04:00","15/5/2026, 19:05:50","15/5/2026, 04:25:27","15/5/2026, 17:38:27",2026-05-15T05:27:11.700Z,2026-05-15T07:04:55.409Z,2026-05-15T10:20:22.827Z,2026-05-15T11:58:06.536Z,2026-05-15T02:11:44.282Z,2026-05-15T03:49:27.991Z,,,2026-05-14T23:06:12.115Z,2026-05-14T23:50:06.344Z
77,2026-05-31,Mumbai,19.076,72.8777,Purnima,Anuradha,3,Siddha,Bava,Shukla,Jyeshtha,Grishma,Uttarayana,,"31/5/2026, 06:00:21","31/5/2026, 19:12:04","31/5/2026, 19:24:43","31/5/2026, 05:35:55",2026-05-31T12:03:06.395Z,2026-05-31T13:42:04.305Z,2026-05-31T07:06:12.665Z,2026-05-31T08:45:10.575Z,2026-05-31T10:24:08.485Z,2026-05-31T12:03:06.395Z,,,2026-05-30T23:03:51.759Z,2026-05-30T23:47:06.392Z
78,2026-06-15,Mumbai,19.076,72.8777,Amavasya,Mrigashira,2,Shula,Naga,Krishna,Jyeshtha,Grishma,Uttarayana,,"15/6/2026, 06:00:46","15/6/2026, 19:17:09","15/6/2026, 05:49:33","15/6/2026, 19:50:12",2026-06-15T02:10:19.416Z,2026-06-15T03:49:52.304Z,2026-06-15T05:29:25.192Z,2026-06-15T07:08:58.080Z,2026-06-15T08:48:30.968Z,2026-06-15T10:28:03.856Z,,,2026-06-14T23:04:55.302Z,2026-06-14T23:47:50.915Z
79,2026-06-29,Mumbai,19.076,72.8777,Purnima,Mula,1,Shukla,Vishti,Shukla,Jyeshtha,Varsha,Dakshinayana,,"29/6/2026, 06:03:53","29/6/2026, 19:19:57","29/6/2026, 19:04:09","29/6/2026, 05:10:18",2026-06-29T02:13:23.914Z,2026-06-29T03:52:54.421Z,2026-06-29T05:32:24.928Z,2026-06-29T07:11:55.435Z,2026-06-29T08:51:25.942Z,2026-06-29T10:30:56.449Z,,,2026-06-28T23:08:01.059Z,2026-06-28T23:50:57.233Z
80,2026-07-02,Mumbai,19.076,72.8777,Dwitiya,Uttara Ashadha,4,Vaidhriti,Gara,Krishna,Ashadha,Varsha,Dakshinayana,,"2/7/2026, 06:04:47","2/7/2026, 19:20:12","2/7/2026, 21:16:47","2/7/2026, 07:51:06",2026-07-02T08:51:55.351Z,2026-07-02T10:31:20.904Z,2026-07-02T00:34:47.586Z,2026-07-02T02:14:13.139Z,2026-07-02T03:53:38.692Z,2026-07-02T05:33:04.245Z,,,2026-07-01T23:08:50.321Z,2026-07-01T23:51:48.954Z
81,2026-07-14,Mumbai,19.076,72.8777,Amavasya,Punarvasu,1,Vyaghata,Naga,Krishna,Ashadha,Varsha,Dakshinayana,,"14/7/2026, 06:08:53","14/7/2026, 19:19:42","14/7/2026, 05:44:18","14/7/2026, 19:32:19",2026-07-14T10:32:00.331Z,2026-07-14T12:10:51.400Z,2026-07-14T03:56:36.055Z,2026-07-14T05:35:27.124Z,2026-07-14T07:14:18.193Z,2026-07-14T08:53:09.262Z,,,2026-07-13T23:12:21.471Z,2026-07-13T23:55:37.694Z
82,2026-07-29,Mumbai,19.076,72.8777,Purnima,Uttara Ashadha,3,Priti,Vishti,Shukla,Ashadha,Varsha,Dakshinayana,,"29/7/2026, 06:14:16","29/7/2026, 19:15:31","29/7/2026, 19:16:17","29/7/2026, 05:45:39",2026-07-29T07:14:53.978Z,2026-07-29T08:52:33.420Z,2026-07-29T02:21:55.652Z,2026-07-29T03:59:35.094Z,2026-07-29T05:37:14.536Z,2026-07-29T07:14:53.978Z,,,2026-07-28T23:16:29.503Z,2026-07-29T00:00:22.857Z
83,2026-08-15,Mumbai,19.076,72.8777,Tritiya,Uttara Phalguni,1,Shiva,Gara,Shukla,Shravana,Varsha,Dakshinayana,,"15/8/2026, 06:19:32","15/8/2026, 19:06:17","15/8/2026, 08:37:34","15/8/2026, 20:55:52",2026-08-15T04:01:13.366Z,2026-08-15T05:37:03.982Z,2026-08-15T08:48:45.214Z,2026-08-15T10:24:35.830Z,2026-08-15T00:49:32.134Z,2026-08-15T02:25:22.750Z,,,2026-08-14T23:19:51.396Z,2026-08-15T00:04:41.765Z
84,2026-08-30,Mumbai,19.076,72.8777,Dwitiya,Uttara Bhadrapada,1,Shula,Gara,Krishna,Bhadrapada,Sharad,Dakshinayana,,"30/8/2026, 06:23:04","30/8/2026, 18:55:01","30/8/2026, 20:15:41","30/8/2026, 08:03:42",2026-08-30T11:51:02.004Z,2026-08-30T13:25:01.619Z,2026-08-30T07:09:03.159Z,2026-08-30T08:43:02.774Z,2026-08-30T10:17:02.389Z,2026-08-30T11:51:02.004Z,,,2026-08-29T23:21:26.832Z,2026-08-30T00:07:15.766Z
85,2026-09-01,Mumbai,19.076,72.8777,Chaturthi,Ashwini,1,Vriddhi,Balava,Krishna,Bhadrapada,Sharad,Dakshinayana,,"1/9/2026, 06:23:28","1/9/2026, 18:53:22","1/9/2026, 21:33:17","1/9/2026, 09:54:45",2026-09-01T10:15:53.844Z,2026-09-01T11:49:38.000Z,2026-09-01T04:00:57.220Z,2026-09-01T05:34:41.376Z,2026-09-01T07:08:25.532Z,2026-09-01T08:42:09.688Z,,,2026-08-31T23:21:34.668Z,2026-09-01T00:07:31.788Z
86,2026-10-20,Mumbai,19.076,72.8777,Navami,Shravana,3,Shula,Kaulava,Shukla,Ashwina,Sharad,Dakshinayana,,"20/10/2026, 06:34:10","20/10/2026, 18:12:13","20/10/2026, 14:22:07","20/10/2026, 01:03:58",2026-10-20T09:47:42.855Z,2026-10-20T11:14:58.280Z,2026-10-20T03:58:41.155Z,2026-10-20T05:25:56.580Z,2026-10-20T06:53:12.005Z,2026-10-20T08:20:27.430Z,,,2026-10-19T23:25:20.243Z,2026-10-20T00:14:45.274Z
87,2026-11-08,Mumbai,19.076,72.8777,Chaturdashi,Swati,1,Ayushman,Shakuni,Krishna,Kartika,Hemant,Dakshinayana,,"8/11/2026, 06:42:03","8/11/2026, 18:02:09","8/11/2026, 05:41:01","8/11/2026, 17:12:38",2026-11-08T11:07:09.048Z,2026-11-08T12:32:09.858Z,2026-11-08T06:52:06.618Z,2026-11-08T08:17:07.428Z,2026-11-08T09:42:08.238Z,2026-11-08T11:07:09.048Z,,,2026-11-07T23:30:47.188Z,2026-11-08T00:21:25.283Z
88,2026-01-01,Varanasi,25.3176,82.9739,Trayodashi,Rohini,1,Shubha,Kaulava,Shukla,Pausha,Shishir,Uttarayana,,"1/1/2026, 06:43:45","1/1/2026, 17:19:27","1/1/2026, 15:00:05","1/1/2026, 04:21:20",2026-01-01T07:51:03.923Z,2026-01-01T09:10:31.643Z,2026-01-01T01:13:45.323Z,2026-01-01T02:33:13.043Z,2026-01-01T03:52:40.763Z,2026-01-01T05:12:08.483Z,,,2025-12-31T23:26:25.670Z,2026-01-01T00:20:05.497Z
89,2026-01-03,Varanasi,25.3176,82.9739,Purnima,Ardra,3,Brahma,Bava,Shukla,Pausha,Shishir,Uttarayana,,"3/1/2026, 06:44:17","3/1/2026, 17:20:47","3/1/2026, 17:14:06","3/1/2026, 06:37:53",2026-01-03T03:53:24.847Z,2026-01-03T05:12:58.606Z,2026-01-03T07:52:06.124Z,2026-01-03T09:11:39.883Z,2026-01-03T01:14:17.329Z,2026-01-03T02:33:51.088Z,,,2026-01-02T23:27:03.942Z,2026-01-03T00:20:40.636Z
90,2026-01-18,Varanasi,25.3176,82.9739,Amavasya,Purva Ashadha,4,Harshana,Chatushpada,Krishna,Magha,Shishir,Uttarayana,,"18/1/2026, 06:45:16","18/1/2026, 17:31:46","18/1/2026, 06:26:44","18/1/2026, 17:03:34",2026-01-18T10:40:57.661Z,2026-01-18T12:01:46.333Z,2026-01-18T06:38:31.645Z,2026-01-18T07:59:20.317Z,2026-01-18T09:20:08.989Z,2026-01-18T10:40:57.661Z,,,2026-01-17T23:29:22.792Z,2026-01-18T00:22:19.875Z
91,2026-01-19,Varanasi,25.3176,82.9739,Prathama,Uttara Ashadha,4,Vajra,Kimstughna,Shukla,Magha,Shishir,Uttarayana,,"19/1/2026, 06:45:09","19/1/2026, 17:32:31","19/1/2026, 07:09:48","19/1/2026, 18:02:22",2026-01-19T02:36:04.585Z,2026-01-19T03:56:59.928Z,2026-01-19T05:17:55.271Z,2026-01-19T06:38:50.614Z,2026-01-19T07:59:45.957Z,2026-01-19T09:20:41.300Z,,,2026-01-18T23:29:22.189Z,2026-01-19T00:22:15.716Z
92,2026-01-29,Varanasi,25.3176,82.9739,Ekadashi,Rohini,4,Indra,Vishti,Shukla,Magha,Shishir,Uttarayana,,"29/1/2026, 06:42:31","29/1/2026, 17:40:03","29/1/2026, 13:46:29","29/1/2026, 03:14:17",2026-01-29T08:03:28.688Z,2026-01-29T09:25:40.153Z,2026-01-29T01:12:31.363Z,2026-01-29T02:34:42.828Z,2026-01-29T03:56:54.293Z,2026-01-29T05:19:05.758Z,,,2026-01-28T23:28:05.694Z,2026-01-29T00:20:18.529Z
93,2026-02-01,Varanasi,25.3176,82.9739,Purnima,Pushya,1,Priti,Vishti,Shukla,Magha,Shishir,Uttarayana,,"1/2/2026, 06:41:16","1/2/2026, 17:42:14","1/2/2026, 17:09:41","1/2/2026, 06:12:27",2026-02-01T10:49:36.873Z,2026-02-01T12:12:14.096Z,2026-02-01T06:41:45.204Z,2026-02-01T08:04:22.427Z,2026-02-01T09:26:59.650Z,2026-02-01T10:49:36.873Z,,,2026-01-31T23:27:18.234Z,2026-02-01T00:19:17.273Z
94,2026-02-15,Varanasi,25.3176,82.9739,Trayodashi,Uttara Ashadha,2,Vyatipata,Vanija,Krishna,Phalguna,Shishir,Uttarayana,,"15/2/2026, 06:32:57","15/2/2026, 17:51:43","15/2/2026, 05:05:09","15/2/2026, 15:50:39",2026-02-15T10:56:53.159Z,2026-02-15T12:21:43.920Z,2026-02-15T06:42:20.876Z,2026-02-15T08:07:11.637Z,2026-02-15T09:32:02.398Z,2026-02-15T10:56:53.159Z,,,2026-02-14T23:21:22.890Z,2026-02-15T00:12:10.361Z
95,2026-02-17,Varanasi,25.3176,82.9739,Amavasya,Dhanishta,2,Parigha,Naga,Krishna,Phalguna,Shishir,Uttarayana,,"17/2/2026, 06:31:28","17/2/2026, 17:52:58","17/2/2026, 06:22:44","17/2/2026, 17:48:54",2026-02-17T09:32:36.452Z,2026-02-17T10:57:47.695Z,2026-02-17T03:51:51.480Z,2026-02-17T05:17:02.723Z,2026-02-17T06:42:13.966Z,2026-02-17T08:07:25.209Z,,,2026-02-16T23:20:16.015Z,2026-02-17T00:10:52.505Z
96,2026-02-28,Varanasi,25.3176,82.9739,Dwadashi,Punarvasu,4,Saubhagya,Bava,Shukla,Phalguna,Vasant,Uttarayana,,"28/2/2026, 06:22:16","28/2/2026, 17:59:20","28/2/2026, 14:53:39","28/2/2026, 04:04:53",2026-02-28T03:46:32.349Z,2026-02-28T05:13:40.361Z,2026-02-28T08:07:56.385Z,2026-02-28T09:35:04.397Z,2026-02-28T00:52:16.325Z,2026-02-28T02:19:24.337Z,,,2026-02-27T23:13:08.531Z,2026-02-28T00:02:42.428Z
97,2026-03-03,Varanasi,25.3176,82.9739,Purnima,Magha,4,Sukarman,Bava,Shukla,Phalguna,Vasant,Uttarayana,,"3/3/2026, 06:19:29","3/3/2026, 18:00:55","3/3/2026, 17:59:53","3/3/2026, 06:06:09",2026-03-03T09:35:34.276Z,2026-03-03T11:03:15.039Z,2026-03-03T03:44:51.224Z,2026-03-03T05:12:31.987Z,2026-03-03T06:40:12.750Z,2026-03-03T08:07:53.513Z,,,2026-03-02T23:10:56.990Z,2026-03-03T00:00:13.344Z
98,2026-03-15,Varanasi,25.3176,82.9739,Ekadashi,Shravana,1,Parigha,Balava,Krishna,Chaitra,Vasant,Uttarayana,,"15/3/2026, 06:07:37","15/3/2026, 18:06:49","15/3/2026, 03:40:04","15/3/2026, 14:35:10",2026-03-15T11:06:55.627Z,2026-03-15T12:36:49.596Z,2026-03-15T06:37:13.720Z,2026-03-15T08:07:07.689Z,2026-03-15T09:37:01.658Z,2026-03-15T11:06:55.627Z,,,2026-03-14T23:01:27.658Z,2026-03-14T23:49:32.751Z
99,2026-03-19,Varanasi,25.3176,82.9739,Amavasya,Uttara Bhadrapada,1,Shukla,Naga,Krishna,Chaitra,Vasant,Uttarayana,,"19/3/2026, 06:03:30","19/3/2026, 18:08:40","19/3/2026, 06:00:45","19/3/2026, 18:32:42",2026-03-19T08:06:44.064Z,2026-03-19T09:37:22.843Z,2026-03-19T00:33:30.169Z,2026-03-19T02:04:08.948Z,2026-03-19T03:34:47.727Z,2026-03-19T05:05:26.506Z,,,2026-03-18T22:58:07.875Z,2026-03-18T23:45:49.022Z
100,2026-03-20,Varanasi,25.3176,82.9739,Dwitiya,Revati,1,Brahma,Balava,Shukla,Chaitra,Vasant,Uttarayana,,"20/3/2026, 06:02:27","20/3/2026, 18:09:07","20/3/2026, 06:35:01","20/3/2026, 19:35:05",2026-03-20T05:04:57.761Z,2026-03-20T06:35:47.747Z,2026-03-20T09:37:27.719Z,2026-03-20T11:08:17.705Z,2026-03-20T02:03:17.789Z,2026-03-20T03:34:07.775Z,,,2026-03-19T22:57:17.484Z,2026-03-19T23:44:52.644Z
101,2026-04-02,Varanasi,25.3176,82.9739,Purnima,Hasta,3,Dhruva,Bava,Shukla,Chaitra,Vasant,Uttarayana,,"2/4/2026, 05:48:54","2/4/2026, 18:14:53","2/4/2026, 18:35:54","2/4/2026, 05:39:50",2026-04-02T08:05:08.854Z,2026-04-02T09:38:23.742Z,2026-04-02T00:18:54.414Z,2026-04-02T01:52:09.302Z,2026-04-02T03:25:24.190Z,2026-04-02T04:58:39.078Z,,,2026-04-01T22:46:18.781Z,2026-04-01T23:32:36.598Z
102,2026-04-14,Varanasi,25.3176,82.9739,Dwadashi,Shatabhisha,3,Shukla,Kaulava,Krishna,Vaishakha,Vasant,Uttarayana,,"14/4/2026, 05:36:55","14/4/2026, 18:20:16","14/4/2026, 03:22:56","14/4/2026, 15:15:12",2026-04-14T09:39:26.104Z,2026-04-14T11:14:51.267Z,2026-04-14T03:17:45.452Z,2026-04-14T04:53:10.615Z,2026-04-14T06:28:35.778Z,2026-04-14T08:04:00.941Z,,,2026-04-13T22:36:38.287Z,2026-04-13T23:21:46.707Z
103,2026-04-30,Varanasi,25.3176,82.9739,Chaturdashi,Chitra,1,Vajra,Gara,Shukla,Vaishakha,Grishma,Uttarayana,,"30/4/2026, 05:23:01","30/4/2026, 18:27:59","30/4/2026, 17:23:25","30/4/2026, 04:12:19",2026-04-30T08:03:37.566Z,2026-04-30T09:41:44.723Z,2026-04-29T23:53:01.781Z,2026-04-30T01:31:08.938Z,2026-04-30T03:09:16.095Z,2026-04-30T04:47:23.252Z,,,2026-04-29T22:25:37.411Z,2026-04-29T23:09:19.596Z
104,2026-05-01,Varanasi,25.3176,82.9739,Purnima,Swati,1,Siddhi,Vishti,Shukla,Vaishakha,Grishma,Uttarayana,,"1/5/2026, 05:22:16","1/5/2026, 18:28:29","1/5/2026, 18:18:10","1/5/2026, 04:44:31",2026-05-01T04:47:06.147Z,2026-05-01T06:25:22.762Z,2026-05-01T09:41:55.992Z,2026-05-01T11:20:12.607Z,2026-05-01T01:30:32.917Z,2026-05-01T03:08:49.532Z,,,2026-04-30T22:25:02.001Z,2026-04-30T23:08:39.152Z
105,2026-05-15,Varanasi,25.3176,82.9739,Trayodashi,Ashwini,2,Ayushman,Vanija,Krishna,Jyeshtha,Grishma,Uttarayana,,"15/5/2026, 05:13:25","15/5/2026, 18:35:44","15/5/2026, 03:36:15","15/5/2026, 17:05:52",2026-05-15T04:44:17.440Z,2026-05-15T06:24:34.805Z,2026-05-15T09:45:09.535Z,2026-05-15T11:25:26.900Z,2026-05-15T01:23:42.710Z,2026-05-15T03:04:00.075Z,,,2026-05-14T22:18:19.668Z,2026-05-14T23:00:52.507Z
106,2026-05-31,Varanasi,25.3176,82.9739,Purnima,Anuradha,3,Shiva,Bava,Shukla,Jyeshtha,Grishma,Uttarayana,,"31/5/2026, 05:07:53","31/5/2026, 18:43:48","31/5/2026, 18:58:45","31/5/2026, 04:39:11",2026-05-31T11:31:48.760Z,2026-05-31T13:13:48.024Z,2026-05-31T06:25:50.968Z,2026-05-31T08:07:50.232Z,2026-05-31T09:49:49.496Z,2026-05-31T11:31:48.760Z,,,2026-05-30T22:14:37.379Z,2026-05-30T22:56:15.646Z
107,2026-06-15,Varanasi,25.3176,82.9739,Amavasya,Mrigashira,2,Shula,Naga,Krishna,Jyeshtha,Grishma,Uttarayana,,"15/6/2026, 05:07:25","15/6/2026, 18:49:44","15/6/2026, 04:50:46","15/6/2026, 19:24:24",2026-06-15T01:20:12.864Z,2026-06-15T03:03:00.293Z,2026-06-15T04:45:47.722Z,2026-06-15T06:28:35.151Z,2026-06-15T08:11:22.580Z,2026-06-15T09:54:10.009Z,,,2026-06-14T22:15:01.496Z,2026-06-14T22:56:13.466Z
108,2026-06-29,Varanasi,25.3176,82.9739,Purnima,Mula,1,Shukla,Vishti,Shukla,Jyeshtha,Varsha,Dakshinayana,,"29/6/2026, 05:10:34","29/6/2026, 18:52:28","29/6/2026, 18:38:40","29/6/2026, 04:11:58",2026-06-29T01:23:18.587Z,2026-06-29T03:06:02.857Z,2026-06-29T04:48:47.127Z,2026-06-29T06:31:31.397Z,2026-06-29T08:14:15.667Z,2026-06-29T09:56:59.937Z,,,2026-06-28T22:18:08.917Z,2026-06-28T22:59:21.617Z
109,2026-07-02,Varanasi,25.3176,82.9739,Dwitiya,Uttara Ashadha,4,Vaidhriti,Gara,Krishna,Ashadha,Varsha,Dakshinayana,,"2/7/2026, 05:11:35","2/7/2026, 18:52:35","2/7/2026, 20:46:04","2/7/2026, 06:56:53",2026-07-02T08:14:43.033Z,2026-07-02T09:57:20.517Z,2026-07-01T23:41:35.613Z,2026-07-02T01:24:13.097Z,2026-07-02T03:06:50.581Z,2026-07-02T04:49:28.065Z,,,2026-07-01T22:19:03.442Z,2026-07-01T23:00:19.528Z
110,2026-07-14,Varanasi,25.3176,82.9739,Amavasya,Punarvasu,1,Vyaghata,Naga,Krishna,Ashadha,Varsha,Dakshinayana,,"14/7/2026, 05:16:32","14/7/2026, 18:51:14","14/7/2026, 04:46:41","14/7/2026, 19:04:11",2026-07-14T09:57:33.610Z,2026-07-14T11:39:23.804Z,2026-07-14T03:10:12.834Z,2026-07-14T04:52:03.028Z,2026-07-14T06:33:53.222Z,2026-07-14T08:15:43.416Z,,,2026-07-13T22:23:11.811Z,2026-07-13T23:04:52.129Z
111,2026-07-29,Varanasi,25.3176,82.9739,Purnima,Uttara Ashadha,3,Priti,Vishti,Shukla,Ashadha,Varsha,Dakshinayana,,"29/7/2026, 05:23:40","29/7/2026, 18:45:16","29/7/2026, 18:46:24","29/7/2026, 04:50:38",2026-07-29T06:34:28.483Z,2026-07-29T08:14:40.508Z,2026-07-29T01:33:52.408Z,2026-07-29T03:14:04.433Z,2026-07-29T04:54:16.458Z,2026-07-29T06:34:28.483Z,,,2026-07-28T22:28:37.539Z,2026-07-28T23:11:08.961Z
112,2026-08-15,Varanasi,25.3176,82.9739,Tritiya,Uttara Phalguni,1,Shiva,Taitila,Shukla,Shravana,Varsha,Dakshinayana,,"15/8/2026, 05:31:36","15/8/2026, 18:33:21","15/8/2026, 07:55:18","15/8/2026, 20:13:07",2026-08-15T03:17:02.781Z,2026-08-15T04:54:45.844Z,2026-08-15T08:10:11.970Z,2026-08-15T09:47:55.033Z,2026-08-15T00:01:36.655Z,2026-08-15T01:39:19.718Z,,,2026-08-14T22:33:57.234Z,2026-08-14T23:17:46.945Z
113,2026-08-30,Varanasi,25.3176,82.9739,Dwitiya,Uttara Bhadrapada,1,Shula,Gara,Krishna,Bhadrapada,Sharad,Dakshinayana,,"30/8/2026, 05:37:52","30/8/2026, 18:19:22","30/8/2026, 19:31:31","30/8/2026, 07:22:57",2026-08-30T11:14:11.329Z,2026-08-30T12:49:22.609Z,2026-08-30T06:28:37.489Z,2026-08-30T08:03:48.769Z,2026-08-30T09:39:00.049Z,2026-08-30T11:14:11.329Z,,,2026-08-29T22:37:32.448Z,2026-08-29T23:22:42.409Z
114,2026-09-01,Varanasi,25.3176,82.9739,Chaturthi,Ashwini,1,Vriddhi,Balava,Krishna,Bhadrapada,Sharad,Dakshinayana,,"1/9/2026, 05:38:39","1/9/2026, 18:17:20","1/9/2026, 20:42:17","1/9/2026, 09:20:45",2026-09-01T09:37:40.163Z,2026-09-01T11:12:30.309Z,2026-09-01T03:18:19.579Z,2026-09-01T04:53:09.725Z,2026-09-01T06:27:59.871Z,2026-09-01T08:02:50.017Z,,,2026-08-31T22:37:56.951Z,2026-08-31T23:23:18.119Z
115,2026-10-20,Varanasi,25.3176,82.9739,Navami,Shravana,3,Shula,Kaulava,Shukla,Ashwina,Sharad,Dakshinayana,,"20/10/2026, 05:58:55","20/10/2026, 17:26:37","20/10/2026, 13:50:07","20/10/2026, 00:11:04",2026-10-20T09:04:42.120Z,2026-10-20T10:30:39.867Z,2026-10-20T03:20:51.132Z,2026-10-20T04:46:48.879Z,2026-10-20T06:12:46.626Z,2026-10-20T07:38:44.373Z,,,2026-10-19T22:48:44.238Z,2026-10-19T23:38:49.938Z
116,2026-11-08,Varanasi,25.3176,82.9739,Chaturdashi,Swati,1,Ayushman,Shakuni,Krishna,Kartika,Hemant,Dakshinayana,,"8/11/2026, 06:10:12","8/11/2026, 17:13:10","8/11/2026, 05:07:50","8/11/2026, 16:21:14",2026-11-08T10:20:18.102Z,2026-11-08T11:43:10.353Z,2026-11-08T06:11:41.349Z,2026-11-08T07:34:33.600Z,2026-11-08T08:57:25.851Z,2026-11-08T10:20:18.102Z,,,2026-11-07T22:56:40.343Z,2026-11-07T23:48:26.344Z
117,2026-01-01,Kolkata,22.5726,88.3639,Trayodashi,Rohini,1,Shubha,Kaulava,Shukla,Pausha,Shishir,Uttarayana,,"1/1/2026, 06:16:35","1/1/2026, 17:03:28","1/1/2026, 14:44:51","1/1/2026, 03:51:47",2026-01-01T07:30:53.579Z,2026-01-01T08:51:45.245Z,2026-01-01T00:46:35.249Z,2026-01-01T02:07:26.915Z,2026-01-01T03:28:18.581Z,2026-01-01T04:49:10.247Z,,,2025-12-31T23:00:45.322Z,2025-12-31T23:53:40.286Z
118,2026-01-03,Kolkata,22.5726,88.3639,Purnima,Ardra,2,Brahma,Bava,Shukla,Pausha,Shishir,Uttarayana,,"3/1/2026, 06:17:10","3/1/2026, 17:04:45","3/1/2026, 16:58:37","3/1/2026, 06:08:01",2026-01-03T03:29:04.176Z,2026-01-03T04:50:01.105Z,2026-01-03T07:31:54.963Z,2026-01-03T08:52:51.892Z,2026-01-03T00:47:10.318Z,2026-01-03T02:08:07.247Z,,,2026-01-02T23:01:25.864Z,2026-01-02T23:54:18.091Z
119,2026-01-18,Kolkata,22.5726,88.3639,Amavasya,Purva Ashadha,4,Harshana,Chatushpada,Krishna,Magha,Shishir,Uttarayana,,"18/1/2026, 06:18:47","18/1/2026, 17:15:06","18/1/2026, 05:57:39","18/1/2026, 16:47:38",2026-01-18T10:23:04.015Z,2026-01-18T11:45:06.318Z,2026-01-18T06:16:57.106Z,2026-01-18T07:38:59.409Z,2026-01-18T09:01:01.712Z,2026-01-18T10:23:04.015Z,,,2026-01-17T23:04:12.708Z,2026-01-17T23:56:30.301Z
120,2026-01-19,Kolkata,22.5726,88.3639,Prathama,Uttara Ashadha,4,Vajra,Kimstughna,Shukla,Magha,Shishir,Uttarayana,,"19/1/2026, 06:18:43","19/1/2026, 17:15:48","19/1/2026, 06:41:47","19/1/2026, 17:45:19",2026-01-19T02:10:51.679Z,2026-01-19T03:32:59.808Z,2026-01-19T04:55:07.937Z,2026-01-19T06:17:16.066Z,2026-01-19T07:39:24.195Z,2026-01-19T09:01:32.324Z,,,2026-01-18T23:04:14.587Z,2026-01-18T23:56:29.069Z
121,2026-01-29,Kolkata,22.5726,88.3639,Ekadashi,Rohini,4,Indra,Vishti,Shukla,Magha,Shishir,Uttarayana,,"29/1/2026, 06:16:43","29/1/2026, 17:22:41","29/1/2026, 13:31:32","29/1/2026, 02:44:18",2026-01-29T07:42:57.270Z,2026-01-29T09:06:11.929Z,2026-01-29T00:46:43.975Z,2026-01-29T02:09:58.634Z,2026-01-29T03:33:13.293Z,2026-01-29T04:56:27.952Z,,,2026-01-28T23:03:26.271Z,2026-01-28T23:55:05.123Z
122,2026-02-01,Kolkata,22.5726,88.3639,Purnima,Pushya,1,Priti,Vishti,Shukla,Magha,Shishir,Uttarayana,,"1/2/2026, 06:15:41","1/2/2026, 17:24:39","1/2/2026, 16:52:32","1/2/2026, 05:44:14",2026-02-01T10:31:02.153Z,2026-02-01T11:54:39.343Z,2026-02-01T06:20:10.583Z,2026-02-01T07:43:47.773Z,2026-02-01T09:07:24.963Z,2026-02-01T10:31:02.153Z,,,2026-01-31T23:02:48.293Z,2026-01-31T23:54:15.058Z
123,2026-02-15,Kolkata,22.5726,88.3639,Trayodashi,Uttara Ashadha,2,Vyatipata,Vanija,Krishna,Phalguna,Shishir,Uttarayana,,"15/2/2026, 06:08:29","15/2/2026, 17:33:02","15/2/2026, 04:36:38","15/2/2026, 15:34:06",2026-02-15T10:37:28.580Z,2026-02-15T12:03:02.700Z,2026-02-15T06:20:46.220Z,2026-02-15T07:46:20.340Z,2026-02-15T09:11:54.460Z,2026-02-15T10:37:28.580Z,,,2026-02-14T22:57:41.718Z,2026-02-14T23:48:05.729Z
124,2026-02-17,Kolkata,22.5726,88.3639,Amavasya,Dhanishta,2,Parigha,Naga,Krishna,Phalguna,Shishir,Uttarayana,,"17/2/2026, 06:07:11","17/2/2026, 17:34:07","17/2/2026, 05:56:52","17/2/2026, 17:29:36",2026-02-17T09:12:23.458Z,2026-02-17T10:38:15.530Z,2026-02-17T03:28:55.170Z,2026-02-17T04:54:47.242Z,2026-02-17T06:20:39.314Z,2026-02-17T07:46:31.386Z,,,2026-02-16T22:56:42.274Z,2026-02-16T23:46:56.650Z
125,2026-02-28,Kolkata,22.5726,88.3639,Dwadashi,Punarvasu,4,Saubhagya,Bava,Shukla,Phalguna,Vasant,Uttarayana,,"28/2/2026, 05:58:55","28/2/2026, 17:39:31","28/2/2026, 14:37:05","28/2/2026, 03:36:09",2026-02-28T03:24:04.755Z,2026-02-28T04:51:39.234Z,2026-02-28T07:46:48.192Z,2026-02-28T09:14:22.671Z,2026-02-28T00:28:55.797Z,2026-02-28T01:56:30.276Z,,,2026-02-27T22:50:16.944Z,2026-02-27T23:39:36.371Z
126,2026-03-03,Kolkata,22.5726,88.3639,Purnima,Magha,4,Sukarman,Bava,Shukla,Phalguna,Vasant,Uttarayana,,"3/3/2026, 05:56:25","3/3/2026, 17:40:50","3/3/2026, 17:38:56","3/3/2026, 05:41:55",2026-03-03T09:14:44.526Z,2026-03-03T10:42:47.746Z,2026-03-03T03:22:31.646Z,2026-03-03T04:50:34.866Z,2026-03-03T06:18:38.086Z,2026-03-03T07:46:41.306Z,,,2026-03-02T22:48:17.166Z,2026-03-02T23:37:21.186Z
127,2026-03-15,Kolkata,22.5726,88.3639,Ekadashi,Shravana,1,Parigha,Balava,Krishna,Chaitra,Vasant,Uttarayana,,"15/3/2026, 05:45:38","15/3/2026, 17:45:39","15/3/2026, 03:12:13","15/3/2026, 14:17:56",2026-03-15T10:45:39.651Z,2026-03-15T12:15:39.844Z,2026-03-15T06:15:39.072Z,2026-03-15T07:45:39.265Z,2026-03-15T09:15:39.458Z,2026-03-15T10:45:39.651Z,,,2026-03-14T22:39:35.479Z,2026-03-14T23:27:36.890Z
128,2026-03-19,Kolkata,22.5726,88.3639,Amavasya,Uttara Bhadrapada,1,Shukla,Naga,Krishna,Chaitra,Vasant,Uttarayana,,"19/3/2026, 05:41:52","19/3/2026, 17:47:08","19/3/2026, 05:38:48","19/3/2026, 18:09:16",2026-03-19T07:45:10.181Z,2026-03-19T09:15:49.738Z,2026-03-19T00:11:52.396Z,2026-03-19T01:42:31.953Z,2026-03-19T03:13:11.510Z,2026-03-19T04:43:51.067Z,,,2026-03-18T22:36:31.658Z,2026-03-18T23:24:12.027Z
129,2026-03-20,Kolkata,22.5726,88.3639,Dwitiya,Revati,1,Brahma,Balava,Shukla,Chaitra,Vasant,Uttarayana,,"20/3/2026, 05:40:55","20/3/2026, 17:47:30","20/3/2026, 06:14:40","20/3/2026, 19:09:56",2026-03-20T04:43:23.680Z,2026-03-20T06:14:13.083Z,2026-03-20T09:15:51.889Z,2026-03-20T10:46:41.292Z,2026-03-20T01:41:44.874Z,2026-03-20T03:12:34.277Z,,,2026-03-19T22:35:45.256Z,2026-03-19T23:23:20.364Z
130,2026-04-02,Kolkata,22.5726,88.3639,Purnima,Hasta,3,Dhruva,Bava,Shukla,Chaitra,Vasant,Uttarayana,,"2/4/2026, 05:28:32","2/4/2026, 17:52:06","2/4/2026, 18:11:05","2/4/2026, 05:19:29",2026-04-02T07:43:15.980Z,2026-04-02T09:16:12.712Z,2026-04-01T23:58:32.320Z,2026-04-02T01:31:29.052Z,2026-04-02T03:04:25.784Z,2026-04-02T04:37:22.516Z,,,2026-04-01T22:25:38.035Z,2026-04-01T23:12:05.178Z
131,2026-04-14,Kolkata,22.5726,88.3639,Dwadashi,Shatabhisha,3,Shukla,Kaulava,Krishna,Vaishakha,Vasant,Uttarayana,,"14/4/2026, 05:17:36","14/4/2026, 17:56:25","14/4/2026, 02:58:41","14/4/2026, 14:54:15",2026-04-14T09:16:43.439Z,2026-04-14T10:51:34.660Z,2026-04-14T02:57:18.555Z,2026-04-14T04:32:09.776Z,2026-04-14T06:07:00.997Z,2026-04-14T07:41:52.218Z,,,2026-04-13T22:16:43.758Z,2026-04-13T23:02:09.936Z
132,2026-04-30,Kolkata,22.5726,88.3639,Chaturdashi,Chitra,1,Vajra,Gara,Shukla,Vaishakha,Grishma,Uttarayana,,"30/4/2026, 05:05:01","30/4/2026, 18:02:49","30/4/2026, 16:57:41","30/4/2026, 03:52:53",2026-04-30T07:41:09.122Z,2026-04-30T09:18:22.660Z,2026-04-29T23:35:01.432Z,2026-04-30T01:12:14.970Z,2026-04-30T02:49:28.508Z,2026-04-30T04:26:42.046Z,,,2026-04-29T22:06:40.488Z,2026-04-29T22:50:50.960Z
133,2026-05-01,Kolkata,22.5726,88.3639,Purnima,Swati,1,Siddhi,Vishti,Shukla,Vaishakha,Grishma,Uttarayana,,"1/5/2026, 05:04:20","1/5/2026, 18:03:15","1/5/2026, 17:51:06","1/5/2026, 04:26:23",2026-05-01T04:26:26.092Z,2026-05-01T06:03:47.936Z,2026-05-01T09:18:31.624Z,2026-05-01T10:55:53.468Z,2026-05-01T01:11:42.404Z,2026-05-01T02:49:04.248Z,,,2026-04-30T22:06:08.451Z,2026-04-30T22:50:14.506Z
134,2026-05-15,Kolkata,22.5726,88.3639,Trayodashi,Ashwini,2,Ayushman,Vanija,Krishna,Jyeshtha,Grishma,Uttarayana,,"15/5/2026, 04:56:28","15/5/2026, 18:09:31","15/5/2026, 03:17:29","15/5/2026, 16:38:58",2026-05-15T04:23:52.199Z,2026-05-15T06:03:00.054Z,2026-05-15T09:21:15.764Z,2026-05-15T11:00:23.619Z,2026-05-15T01:05:36.489Z,2026-05-15T02:44:44.344Z,,,2026-05-14T22:00:09.320Z,2026-05-14T22:43:18.977Z
135,2026-05-31,Kolkata,22.5726,88.3639,Purnima,Anuradha,3,Shiva,Bava,Shukla,Jyeshtha,Grishma,Uttarayana,,"31/5/2026, 04:51:47","31/5/2026, 18:16:45","31/5/2026, 18:29:09","31/5/2026, 04:23:47",2026-05-31T11:06:08.242Z,2026-05-31T12:46:45.490Z,2026-05-31T06:04:16.498Z,2026-05-31T07:44:53.746Z,2026-05-31T09:25:30.994Z,2026-05-31T11:06:08.242Z,,,2026-05-30T21:57:03.811Z,2026-05-30T22:39:25.659Z
136,2026-06-15,Kolkata,22.5726,88.3639,Amavasya,Mrigashira,2,Shula,Naga,Krishna,Jyeshtha,Grishma,Uttarayana,,"15/6/2026, 04:51:43","15/6/2026, 18:22:19","15/6/2026, 04:35:40","15/6/2026, 18:54:25",2026-06-15T01:03:02.639Z,2026-06-15T02:44:22.123Z,2026-06-15T04:25:41.607Z,2026-06-15T06:07:01.091Z,2026-06-15T07:48:20.575Z,2026-06-15T09:29:40.059Z,,,2026-06-14T21:57:45.507Z,2026-06-14T22:39:44.331Z
137,2026-06-29,Kolkata,22.5726,88.3639,Purnima,Mula,1,Shukla,Vishti,Shukla,Jyeshtha,Varsha,Dakshinayana,,"29/6/2026, 04:54:50","29/6/2026, 18:25:04","29/6/2026, 18:08:59","29/6/2026, 03:57:07",2026-06-29T01:06:07.618Z,2026-06-29T02:47:24.376Z,2026-06-29T04:28:41.134Z,2026-06-29T06:09:57.892Z,2026-06-29T07:51:14.650Z,2026-06-29T09:32:31.408Z,,,2026-06-28T22:00:51.988Z,2026-06-28T22:42:51.424Z
138,2026-07-02,Kolkata,22.5726,88.3639,Dwitiya,Uttara Ashadha,4,Vaidhriti,Gara,Krishna,Ashadha,Varsha,Dakshinayana,,"2/7/2026, 04:55:48","2/7/2026, 18:25:15","2/7/2026, 20:19:05","2/7/2026, 06:40:05",2026-07-02T07:51:42.984Z,2026-07-02T09:32:53.805Z,2026-07-01T23:25:48.879Z,2026-07-02T01:06:59.700Z,2026-07-02T02:48:10.521Z,2026-07-02T04:29:21.342Z,,,2026-07-01T22:01:44.096Z,2026-07-01T22:43:46.488Z
139,2026-07-14,Kolkata,22.5726,88.3639,Amavasya,Punarvasu,1,Vyaghata,Chatushpada,Krishna,Ashadha,Varsha,Dakshinayana,,"14/7/2026, 05:00:22","14/7/2026, 18:24:17","14/7/2026, 04:30:57","14/7/2026, 18:35:35",2026-07-14T09:33:19.113Z,2026-07-14T11:13:48.522Z,2026-07-14T02:51:21.477Z,2026-07-14T04:31:50.886Z,2026-07-14T06:12:20.295Z,2026-07-14T07:52:49.704Z,,,2026-07-13T22:05:35.511Z,2026-07-13T22:47:59.085Z
140,2026-07-29,Kolkata,22.5726,88.3639,Purnima,Uttara Ashadha,3,Priti,Vishti,Shukla,Ashadha,Varsha,Dakshinayana,,"29/7/2026, 05:06:42","29/7/2026, 18:19:09","29/7/2026, 18:19:00","29/7/2026, 04:34:11",2026-07-29T06:12:56.018Z,2026-07-29T07:51:59.355Z,2026-07-29T01:15:46.007Z,2026-07-29T02:54:49.344Z,2026-07-29T04:33:52.681Z,2026-07-29T06:12:56.018Z,,,2026-07-28T22:10:26.054Z,2026-07-28T22:53:34.362Z
141,2026-08-15,Kolkata,22.5726,88.3639,Tritiya,Uttara Phalguni,1,Shiva,Taitila,Shukla,Shravana,Varsha,Dakshinayana,,"15/8/2026, 05:13:26","15/8/2026, 18:08:27","15/8/2026, 07:33:02","15/8/2026, 19:51:41",2026-08-15T02:57:11.638Z,2026-08-15T04:34:04.236Z,2026-08-15T07:47:49.432Z,2026-08-15T09:24:42.030Z,2026-08-14T23:43:26.442Z,2026-08-15T01:20:19.040Z,,,2026-08-14T22:14:52.567Z,2026-08-14T22:59:09.505Z
142,2026-08-30,Kolkata,22.5726,88.3639,Dwitiya,Uttara Bhadrapada,1,Dhriti,Gara,Krishna,Bhadrapada,Sharad,Dakshinayana,,"30/8/2026, 05:18:28","30/8/2026, 17:55:42","30/8/2026, 19:10:41","30/8/2026, 07:00:04",2026-08-30T10:51:03.378Z,2026-08-30T12:25:42.640Z,2026-08-30T06:07:05.592Z,2026-08-30T07:41:44.854Z,2026-08-30T09:16:24.116Z,2026-08-30T10:51:03.378Z,,,2026-08-29T22:17:33.790Z,2026-08-29T23:03:01.167Z
143,2026-09-01,Kolkata,22.5726,88.3639,Chaturthi,Ashwini,1,Vriddhi,Balava,Krishna,Bhadrapada,Sharad,Dakshinayana,,"1/9/2026, 05:19:05","1/9/2026, 17:53:50","1/9/2026, 20:24:21","1/9/2026, 08:54:41",2026-09-01T09:15:09.377Z,2026-09-01T10:49:30.070Z,2026-09-01T02:57:46.605Z,2026-09-01T04:32:07.298Z,2026-09-01T06:06:27.991Z,2026-09-01T07:40:48.684Z,,,2026-08-31T22:17:50.781Z,2026-08-31T23:03:28.000Z
144,2026-10-20,Kolkata,22.5726,88.3639,Navami,Shravana,3,Shula,Kaulava,Shukla,Ashwina,Sharad,Dakshinayana,,"20/10/2026, 05:35:02","20/10/2026, 17:07:26","20/10/2026, 13:23:45",,2026-10-20T08:44:20.519Z,2026-10-20T10:10:53.603Z,2026-10-20T02:58:08.183Z,2026-10-20T04:24:41.267Z,2026-10-20T05:51:14.351Z,2026-10-20T07:17:47.435Z,,,2026-10-19T22:25:27.625Z,2026-10-19T23:15:14.820Z
145,2026-11-08,Kolkata,22.5726,88.3639,Chaturdashi,Chitra,4,Ayushman,Shakuni,Krishna,Kartika,Hemant,Dakshinayana,,"8/11/2026, 05:44:46","8/11/2026, 16:55:30","8/11/2026, 04:41:30","8/11/2026, 16:03:36",2026-11-08T10:01:40.267Z,2026-11-08T11:25:30.814Z,2026-11-08T05:50:08.626Z,2026-11-08T07:13:59.173Z,2026-11-08T08:37:49.720Z,2026-11-08T10:01:40.267Z,,,2026-11-07T22:32:16.027Z,2026-11-07T23:23:31.233Z
146,2026-01-01,Bengaluru,12.9716,77.5946,Trayodashi,Rohini,1,Shubha,Kaulava,Shukla,Pausha,Shishir,Uttarayana,,"1/1/2026, 06:41:54","1/1/2026, 18:04:18","1/1/2026, 15:53:14","1/1/2026, 04:14:31",2026-01-01T08:18:24.340Z,2026-01-01T09:43:42.279Z,2026-01-01T01:11:54.645Z,2026-01-01T02:37:12.584Z,2026-01-01T04:02:30.523Z,2026-01-01T05:27:48.462Z,,,2025-12-31T23:30:49.318Z,2026-01-01T00:21:21.982Z
147,2026-01-03,Bengaluru,12.9716,77.5946,Purnima,Ardra,2,Brahma,Bava,Shukla,Pausha,Shishir,Uttarayana,,"3/1/2026, 06:42:39","3/1/2026, 18:05:25","3/1/2026, 18:06:48","3/1/2026, 06:29:06",2026-01-03T04:03:20.756Z,2026-01-03T05:28:41.545Z,2026-01-03T08:19:23.123Z,2026-01-03T09:44:43.912Z,2026-01-03T01:12:39.178Z,2026-01-03T02:37:59.967Z,,,2026-01-02T23:31:36.857Z,2026-01-03T00:22:08.018Z
148,2026-01-18,Bengaluru,12.9716,77.5946,Amavasya,Purva Ashadha,4,Harshana,Chatushpada,Krishna,Magha,Shishir,Uttarayana,,"18/1/2026, 06:46:15","18/1/2026, 18:13:44","18/1/2026, 06:20:35","18/1/2026, 17:52:49",2026-01-18T11:17:48.655Z,2026-01-18T12:43:44.868Z,2026-01-18T07:00:00.016Z,2026-01-18T08:25:56.229Z,2026-01-18T09:51:52.442Z,2026-01-18T11:17:48.655Z,,,2026-01-17T23:35:50.875Z,2026-01-18T00:26:03.020Z
149,2026-01-19,Bengaluru,12.9716,77.5946,Prathama,Uttara Ashadha,4,Vajra,Kimstughna,Shukla,Magha,Shishir,Uttarayana,,"19/1/2026, 06:46:21","19/1/2026, 18:14:16","19/1/2026, 07:07:42","19/1/2026, 18:46:57",2026-01-19T02:42:20.767Z,2026-01-19T04:08:20.141Z,2026-01-19T05:34:19.515Z,2026-01-19T07:00:18.889Z,2026-01-19T08:26:18.263Z,2026-01-19T09:52:17.637Z,,,2026-01-18T23:36:00.524Z,2026-01-19T00:26:10.959Z
150,2026-01-29,Bengaluru,12.9716,77.5946,Ekadashi,Rohini,4,Indra,Vishti,Shukla,Magha,Shishir,Uttarayana,,"29/1/2026, 06:46:22","29/1/2026, 18:19:06","29/1/2026, 14:40:53","29/1/2026, 03:05:30",2026-01-29T08:29:20.116Z,2026-01-29T09:55:55.638Z,2026-01-29T01:16:22.506Z,2026-01-29T02:42:58.028Z,2026-01-29T04:09:33.550Z,2026-01-29T05:36:09.072Z,,,2026-01-28T23:36:40.834Z,2026-01-29T00:26:31.670Z
151,2026-02-01,Bengaluru,12.9716,77.5946,Purnima,Pushya,1,Priti,Vishti,Shukla,Magha,Shishir,Uttarayana,,"1/2/2026, 06:46:01","1/2/2026, 18:20:23","1/2/2026, 17:55:02","1/2/2026, 06:09:31",2026-02-01T11:23:35.705Z,2026-02-01T12:50:23.495Z,2026-02-01T07:03:12.335Z,2026-02-01T08:30:00.125Z,2026-02-01T09:56:47.915Z,2026-02-01T11:23:35.705Z,,,2026-01-31T23:36:32.814Z,2026-02-01T00:26:16.995Z
152,2026-02-15,Bengaluru,12.9716,77.5946,Trayodashi,Uttara Ashadha,2,Vyatipata,Vanija,Krishna,Phalguna,Shishir,Uttarayana,,"15/2/2026, 06:42:20","15/2/2026, 18:25:13","15/2/2026, 05:01:11","15/2/2026, 16:37:20",2026-02-15T11:27:22.075Z,2026-02-15T12:55:13.747Z,2026-02-15T07:03:47.059Z,2026-02-15T08:31:38.731Z,2026-02-15T09:59:30.403Z,2026-02-15T11:27:22.075Z,,,2026-02-14T23:34:01.220Z,2026-02-15T00:23:10.796Z
153,2026-02-17,Bengaluru,12.9716,77.5946,Amavasya,Dhanishta,2,Parigha,Naga,Krishna,Phalguna,Shishir,Uttarayana,,"17/2/2026, 06:41:34","17/2/2026, 18:25:46","17/2/2026, 06:29:16","17/2/2026, 18:24:04",2026-02-17T09:59:43.051Z,2026-02-17T11:27:44.558Z,2026-02-17T04:07:37.023Z,2026-02-17T05:35:38.530Z,2026-02-17T07:03:40.037Z,2026-02-17T08:31:41.544Z,,,2026-02-16T23:33:25.501Z,2026-02-17T00:22:29.755Z
154,2026-02-28,Bengaluru,12.9716,77.5946,Dwadashi,Punarvasu,4,Saubhagya,Bava,Shukla,Phalguna,Vasant,Uttarayana,,"28/2/2026, 06:36:22","28/2/2026, 18:28:04","28/2/2026, 15:41:24","28/2/2026, 03:59:54",2026-02-28T04:04:18.428Z,2026-02-28T05:33:16.174Z,2026-02-28T08:31:11.666Z,2026-02-28T10:00:09.412Z,2026-02-28T01:06:22.936Z,2026-02-28T02:35:20.682Z,,,2026-02-27T23:29:15.190Z,2026-02-28T00:17:49.063Z
155,2026-03-03,Bengaluru,12.9716,77.5946,Purnima,Magha,4,Sukarman,Bava,Shukla,Phalguna,Vasant,Uttarayana,,"3/3/2026, 06:34:43","3/3/2026, 18:28:32","3/3/2026, 18:28:32","3/3/2026, 06:18:50",2026-03-03T10:00:05.311Z,2026-03-03T11:29:18.879Z,2026-03-03T04:03:11.039Z,2026-03-03T05:32:24.607Z,2026-03-03T07:01:38.175Z,2026-03-03T08:30:51.743Z,,,2026-03-02T23:27:53.210Z,2026-03-03T00:16:18.557Z
156,2026-03-15,Bengaluru,12.9716,77.5946,Ekadashi,Shravana,1,Parigha,Balava,Krishna,Chaitra,Vasant,Uttarayana,,"15/3/2026, 06:27:26","15/3/2026, 18:29:51","15/3/2026, 03:38:37","15/3/2026, 15:19:00",2026-03-15T11:29:33.199Z,2026-03-15T12:59:51.324Z,2026-03-15T06:58:38.824Z,2026-03-15T08:28:56.949Z,2026-03-15T09:59:15.074Z,2026-03-15T11:29:33.199Z,,,2026-03-14T23:21:44.977Z,2026-03-15T00:09:35.651Z
157,2026-03-19,Bengaluru,12.9716,77.5946,Amavasya,Uttara Bhadrapada,1,Shukla,Naga,Krishna,Chaitra,Vasant,Uttarayana,,"19/3/2026, 06:24:50","19/3/2026, 18:30:09","19/3/2026, 06:23:45","19/3/2026, 18:50:37",2026-03-19T08:28:10.201Z,2026-03-19T09:58:50.099Z,2026-03-19T00:54:50.711Z,2026-03-19T02:25:30.609Z,2026-03-19T03:56:10.507Z,2026-03-19T05:26:50.405Z,,,2026-03-18T23:19:32.684Z,2026-03-19T00:07:11.698Z
158,2026-03-20,Bengaluru,12.9716,77.5946,Dwitiya,Revati,1,Brahma,Balava,Shukla,Chaitra,Vasant,Uttarayana,,"20/3/2026, 06:24:11","20/3/2026, 18:30:14","20/3/2026, 07:04:54","20/3/2026, 19:45:59",2026-03-20T05:26:27.399Z,2026-03-20T06:57:12.746Z,2026-03-20T09:58:43.440Z,2026-03-20T11:29:28.787Z,2026-03-20T02:24:56.705Z,2026-03-20T03:55:42.052Z,,,2026-03-19T23:18:59.163Z,2026-03-20T00:06:35.261Z
159,2026-04-02,Bengaluru,12.9716,77.5946,Purnima,Hasta,3,Dhruva,Bava,Shukla,Chaitra,Vasant,Uttarayana,,"2/4/2026, 06:15:35","2/4/2026, 18:31:02","2/4/2026, 18:48:01","2/4/2026, 06:08:48",2026-04-02T08:25:14.745Z,2026-04-02T09:57:10.663Z,2026-04-02T00:45:35.155Z,2026-04-02T02:17:31.073Z,2026-04-02T03:49:26.991Z,2026-04-02T05:21:22.909Z,,,2026-04-01T23:11:38.307Z,2026-04-01T23:58:36.731Z
160,2026-04-14,Bengaluru,12.9716,77.5946,Dwadashi,Shatabhisha,3,Shukla,Kaulava,Krishna,Vaishakha,Vasant,Uttarayana,,"14/4/2026, 06:08:02","14/4/2026, 18:31:58","14/4/2026, 03:36:08","14/4/2026, 15:43:21",2026-04-14T09:55:59.714Z,2026-04-14T11:28:59.218Z,2026-04-14T03:44:01.698Z,2026-04-14T05:17:01.202Z,2026-04-14T06:50:00.706Z,2026-04-14T08:23:00.210Z,,,2026-04-13T23:05:13.384Z,2026-04-13T23:51:38.037Z
161,2026-04-30,Bengaluru,12.9716,77.5946,Chaturdashi,Chitra,1,Vajra,Gara,Shukla,Vaishakha,Grishma,Uttarayana,,"30/4/2026, 05:59:41","30/4/2026, 18:34:10","30/4/2026, 17:31:43","30/4/2026, 04:45:10",2026-04-30T08:21:14.432Z,2026-04-30T09:55:33.040Z,2026-04-30T00:29:41.392Z,2026-04-30T02:04:00.000Z,2026-04-30T03:38:18.608Z,2026-04-30T05:12:37.216Z,,,2026-04-29T22:58:15.837Z,2026-04-29T23:43:58.615Z
162,2026-05-01,Bengaluru,12.9716,77.5946,Purnima,Swati,1,Siddhi,Vishti,Shukla,Vaishakha,Grishma,Uttarayana,,"1/5/2026, 05:59:15","1/5/2026, 18:34:21","1/5/2026, 18:20:56","1/5/2026, 05:23:02",2026-05-01T05:12:25.000Z,2026-05-01T06:46:48.225Z,2026-05-01T09:55:34.675Z,2026-05-01T11:29:57.900Z,2026-05-01T02:03:38.550Z,2026-05-01T03:38:01.775Z,,,2026-04-30T22:57:54.650Z,2026-04-30T23:43:34.988Z
163,2026-05-15,Bengaluru,12.9716,77.5946,Trayodashi,Ashwini,2,Ayushman,Vanija,Krishna,Jyeshtha,Grishma,Uttarayana,,"15/5/2026, 05:54:32","15/5/2026, 18:37:29","15/5/2026, 04:13:11","15/5/2026, 17:09:47",2026-05-15T05:10:39.094Z,2026-05-15T06:46:01.230Z,2026-05-15T09:56:45.502Z,2026-05-15T11:32:07.638Z,2026-05-15T01:59:54.822Z,2026-05-15T03:35:16.958Z,,,2026-05-14T22:54:14.217Z,2026-05-14T23:39:23.452Z
164,2026-05-31,Bengaluru,12.9716,77.5946,Purnima,Anuradha,3,Siddha,Bava,Shukla,Jyeshtha,Grishma,Uttarayana,,"31/5/2026, 05:52:32","31/5/2026, 18:42:06","31/5/2026, 18:51:08","31/5/2026, 05:29:47",2026-05-31T11:35:54.351Z,2026-05-31T13:12:06.086Z,2026-05-31T06:47:19.146Z,2026-05-31T08:23:30.881Z,2026-05-31T09:59:42.616Z,2026-05-31T11:35:54.351Z,,,2026-05-30T22:53:06.318Z,2026-05-30T23:37:49.262Z
165,2026-06-15,Bengaluru,12.9716,77.5946,Amavasya,Mrigashira,2,Shula,Naga,Krishna,Jyeshtha,Grishma,Uttarayana,,"15/6/2026, 05:53:44","15/6/2026, 18:46:25","15/6/2026, 05:44:52","15/6/2026, 19:15:27",2026-06-15T02:00:20.098Z,2026-06-15T03:36:55.217Z,2026-06-15T05:13:30.336Z,2026-06-15T06:50:05.455Z,2026-06-15T08:26:40.574Z,2026-06-15T10:03:15.693Z,,,2026-06-14T22:54:44.326Z,2026-06-14T23:39:14.653Z
166,2026-06-29,Bengaluru,12.9716,77.5946,Purnima,Mula,1,Shukla,Vishti,Shukla,Jyeshtha,Varsha,Dakshinayana,,"29/6/2026, 05:56:49","29/6/2026, 18:49:17","29/6/2026, 18:30:17","29/6/2026, 05:05:17",2026-06-29T02:03:23.185Z,2026-06-29T03:39:56.716Z,2026-06-29T05:16:30.247Z,2026-06-29T06:53:03.778Z,2026-06-29T08:29:37.309Z,2026-06-29T10:06:10.840Z,,,2026-06-28T22:57:48.290Z,2026-06-28T23:42:18.972Z
167,2026-07-02,Bengaluru,12.9716,77.5946,Dwitiya,Uttara Ashadha,4,Vaidhriti,Gara,Krishna,Ashadha,Varsha,Dakshinayana,,"2/7/2026, 05:57:37","2/7/2026, 18:49:39","2/7/2026, 20:47:55","2/7/2026, 07:42:19",2026-07-02T08:30:08.574Z,2026-07-02T10:06:38.797Z,2026-07-02T00:27:37.459Z,2026-07-02T02:04:07.682Z,2026-07-02T03:40:37.905Z,2026-07-02T05:17:08.128Z,,,2026-07-01T22:58:32.843Z,2026-07-01T23:43:05.151Z
168,2026-07-14,Bengaluru,12.9716,77.5946,Amavasya,Punarvasu,1,Vyaghata,Naga,Krishna,Ashadha,Varsha,Dakshinayana,,"14/7/2026, 06:00:58","14/7/2026, 18:49:56","14/7/2026, 05:38:26","14/7/2026, 19:00:03",2026-07-14T10:07:41.898Z,2026-07-14T11:43:49.085Z,2026-07-14T03:43:13.150Z,2026-07-14T05:19:20.337Z,2026-07-14T06:55:27.524Z,2026-07-14T08:31:34.711Z,,,2026-07-13T23:01:30.856Z,2026-07-13T23:46:14.816Z
169,2026-07-29,Bengaluru,12.9716,77.5946,Purnima,Uttara Ashadha,3,Priti,Vishti,Shukla,Ashadha,Varsha,Dakshinayana,,"29/7/2026, 06:04:46","29/7/2026, 18:47:21","29/7/2026, 18:46:39","29/7/2026, 05:37:35",2026-07-29T06:56:04.092Z,2026-07-29T08:31:23.401Z,2026-07-29T02:10:06.165Z,2026-07-29T03:45:25.474Z,2026-07-29T05:20:44.783Z,2026-07-29T06:56:04.092Z,,,2026-07-28T23:04:29.679Z,2026-07-28T23:49:38.268Z
170,2026-08-15,Bengaluru,12.9716,77.5946,Tritiya,Uttara Phalguni,1,Shiva,Gara,Shukla,Shravana,Varsha,Dakshinayana,,"15/8/2026, 06:07:39","15/8/2026, 18:40:31","15/8/2026, 08:18:28","15/8/2026, 20:37:37",2026-08-15T03:45:52.148Z,2026-08-15T05:19:58.718Z,2026-08-15T08:28:11.858Z,2026-08-15T10:02:18.428Z,2026-08-15T00:37:39.008Z,2026-08-15T02:11:45.578Z,,,2026-08-14T23:06:06.045Z,2026-08-14T23:51:52.527Z
171,2026-08-30,Bengaluru,12.9716,77.5946,Dwitiya,Uttara Bhadrapada,1,Shula,Gara,Krishna,Bhadrapada,Sharad,Dakshinayana,,"30/8/2026, 06:08:44","30/8/2026, 18:31:43","30/8/2026, 19:59:09","30/8/2026, 07:42:49",2026-08-30T11:28:51.324Z,2026-08-30T13:01:43.734Z,2026-08-30T06:50:14.094Z,2026-08-30T08:23:06.504Z,2026-08-30T09:55:58.914Z,2026-08-30T11:28:51.324Z,,,2026-08-29T23:05:53.539Z,2026-08-29T23:52:18.997Z
172,2026-09-01,Bengaluru,12.9716,77.5946,Chaturthi,Ashwini,1,Vriddhi,Balava,Krishna,Bhadrapada,Sharad,Dakshinayana,,"1/9/2026, 06:08:48","1/9/2026, 18:30:24","1/9/2026, 21:22:41","1/9/2026, 09:27:38",2026-09-01T09:55:00.663Z,2026-09-01T11:27:42.752Z,2026-09-01T03:44:12.307Z,2026-09-01T05:16:54.396Z,2026-09-01T06:49:36.485Z,2026-09-01T08:22:18.574Z,,,2026-08-31T23:05:46.310Z,2026-08-31T23:52:17.220Z
173,2026-10-20,Bengaluru,12.9716,77.5946,Navami,Shravana,3,Shula,Kaulava,Shukla,Ashwina,Sharad,Dakshinayana,,"20/10/2026, 06:10:48","20/10/2026, 17:57:56","20/10/2026, 13:54:29","20/10/2026, 00:54:04",2026-10-20T09:31:09.631Z,2026-10-20T10:59:33.188Z,2026-10-20T03:37:35.403Z,2026-10-20T05:05:58.960Z,2026-10-20T06:34:22.517Z,2026-10-20T08:02:46.074Z,,,2026-10-19T23:03:09.533Z,2026-10-19T23:51:58.911Z
174,2026-11-08,Bengaluru,12.9716,77.5946,Chaturdashi,Swati,1,Ayushman,Shakuni,Krishna,Kartika,Hemant,Dakshinayana,,"8/11/2026, 06:15:37","8/11/2026, 17:50:55","8/11/2026, 05:13:49","8/11/2026, 17:02:03",2026-11-08T10:54:00.597Z,2026-11-08T12:20:55.294Z,2026-11-08T06:33:16.506Z,2026-11-08T08:00:11.203Z,2026-11-08T09:27:05.900Z,2026-11-08T10:54:00.597Z,,,2026-11-07T23:06:21.833Z,2026-11-07T23:55:59.776Z